distance,model_id,feature,importance_mean,importance_std
500m,500m_advancement,mean_position,0.011735261401557312,0.002763292627873133
500m,500m_advancement,lap5_position,0.011262513904338162,0.0030168248611693155
500m,500m_advancement,final_position,0.010720244716351524,0.003202800234070148
500m,500m_advancement,lap3_time_delta_from_previous,0.009816462736373766,0.0011442180540289606
500m,500m_advancement,official_total_time_filled,0.00955228031145719,0.000731928375319884
500m,500m_advancement,lap2_time,0.008634593993325917,0.0007319283753199187
500m,500m_advancement,lap3_position,0.008175750834260309,0.0011404948083653826
500m,500m_advancement,lap4_time_delta_from_previous,0.007800333704115703,0.0007159046530509014
500m,500m_advancement,mean_lap_time,0.007077308120133463,0.001834266275907612
500m,500m_advancement,finish_vs_mid_delta,0.00704949944382649,0.0007159046530509596
500m,500m_advancement,reconstructed_total_time,0.007021690767519517,0.002415476094996116
500m,500m_advancement,lap3_time,0.006993882091212489,0.0012956426085172284
500m,500m_advancement,lap_time_delta_std,0.006966073414905516,0.0018342662759076
500m,500m_advancement,explosive_stability_lap1_3_std,0.00693826473859846,0.0017916105255725726
500m,500m_advancement,mid_lap_mean_time,0.006910456062291487,0.001796352239917679
500m,500m_advancement,early_lap_mean_time,0.0066462736373748554,0.00012121520977588167
500m,500m_advancement,lap4_position,0.006354282536151334,0.004190791508302002
500m,500m_advancement,lap_time_std,0.006270856507230305,0.0026621996881851973
500m,500m_advancement,first_two_lap_mean_time,0.0062152391546162755,0.0017963522399176773
500m,500m_advancement,lap2_time_delta_from_previous,0.006187430478309275,0.0007159046530509596
500m,500m_advancement,slowest_lap_time,0.0058120133481646685,0.0013654598105885516
500m,500m_advancement,best_position,0.005728587319243639,0.0017662340943493196
500m,500m_advancement,lap_time_range,0.005353170189099005,0.0007639798035492582
500m,500m_advancement,finish_vs_previous_delta,0.004922135706340425,0.00118014989843844
500m,500m_advancement,start_explosion_time,0.004922135706340397,4.816604025496202e-05
500m,500m_advancement,start_ratio_to_mean,0.004546718576195846,0.0013727321472667908
500m,500m_advancement,median_lap_time,0.004491101223581789,0.0021278180791048642
500m,500m_advancement,overtake_events_count,0.00443548387096776,0.0017576205417502903
500m,500m_advancement,lap5_time_delta_from_previous,0.004115684093437183,0.0008351867306830288
500m,500m_advancement,last_lap_conversion_delta,0.004115684093437183,0.0008351867306830288
500m,500m_advancement,late_lap_mean_time,0.004115684093437183,0.0013815063791294852
500m,500m_advancement,finish_ratio_to_mean,0.0037402669632926044,0.0017576205417502903
500m,500m_advancement,lap_time_cv,0.0036846496106785753,0.0017963522399177165
500m,500m_advancement,fastest_lap_time,0.0036846496106785753,0.0021066334209643243
500m,500m_advancement,positive_position_gain_sum,0.003629032258064546,0.0023855160415724333
500m,500m_advancement,lap4_time,0.0033370411568409974,0.001975394953857418
500m,500m_advancement,lap5_position_gain_from_previous,0.003225806451612967,0.0
500m,500m_advancement,late_position_conversion,0.003225806451612967,0.0
500m,500m_advancement,lap5_time,0.002906006674082362,0.0012956426085172792
500m,500m_advancement,lap2_position,0.002878197997775306,0.0023968352797085948
500m,500m_advancement,position_gain_total,0.0025305895439377557,0.0029394441729878873
500m,500m_advancement,position_std,0.0024749721913237266,0.0008083671776278607
500m,500m_advancement,first_turn_position,0.002447163515016726,0.0007796354710164976
500m,500m_advancement,lap4_position_gain_from_previous,0.0024193548387096975,0.0008064516129032695
500m,500m_advancement,position_stability_score,0.0024193548387096975,0.0008064516129032695
500m,500m_advancement,start_position,0.0020995550611791203,0.002390697200377656
500m,500m_advancement,lap1_time,0.0016685205784204848,0.0016138618607950156
500m,500m_advancement,early_position_gain_lap1_2,0.001612903225806428,0.0
500m,500m_advancement,lap2_position_gain_from_previous,0.001612903225806428,0.0
500m,500m_advancement,lap1_position,0.0012374860956618217,0.0006502415434421557
500m,500m_advancement,lap3_position_gain_from_previous,0.001209677419354821,0.0006984075836971176
500m,500m_advancement,worst_position,0.0008620689655172709,0.0032984653920041995
500m,500m_advancement,negative_position_loss_sum,0.0004310344827586632,0.0024749331338858554
500m,500m_advancement,position_loss_events_count,8.34260289210298e-05,0.0023204836594881376
500m,500m_advancement,position_range,0.0,0.0011404948083653826
500m,500m_grade,lap_time_std,0.32127266228625095,0.013286968762171536
500m,500m_grade,lap_time_cv,0.302992810035286,0.0044607320868949325
500m,500m_grade,start_ratio_to_mean,0.10582716629606931,0.010922374162307137
500m,500m_grade,lap_time_range,0.06956239753143287,0.006362773216000606
500m,500m_grade,explosive_stability_lap1_3_std,0.03424537435699743,0.0035382307062204943
500m,500m_grade,lap3_time_delta_from_previous,0.015282485739331608,0.0022611810509695026
500m,500m_grade,finish_vs_mid_delta,0.012741942486957536,0.001983639682155965
500m,500m_grade,lap4_time_delta_from_previous,0.01079732912409087,0.0024529995521099745
500m,500m_grade,finish_ratio_to_mean,0.008614496085304318,0.0006820741768499039
500m,500m_grade,lap2_time_delta_from_previous,0.007423721039703818,0.0019366819519091249
500m,500m_grade,last_lap_conversion_delta,0.005350377534908718,0.0035387779528373883
500m,500m_grade,lap5_time_delta_from_previous,0.004926863637566448,0.0020403448992833305
500m,500m_grade,finish_vs_previous_delta,0.004583454620833233,0.0022013122543232087
500m,500m_grade,lap4_position,0.00379607449877567,0.0013341617216531933
500m,500m_grade,lap5_position,0.002891493997371347,0.0013609700752337207
500m,500m_grade,first_turn_position,0.0024984122363650996,0.0007924156797020879
500m,500m_grade,lap1_position,0.0024781241454744363,0.0009057971014493349
500m,500m_grade,lap3_position,0.002095186429913437,0.0007710596467110863
500m,500m_grade,lap2_position,0.002085042384468161,0.001412838575706924
500m,500m_grade,lap_time_delta_std,0.0016715034154798358,0.0011707055068074736
500m,500m_grade,late_position_conversion,0.001358695652173919,0.0007844433005293863
500m,500m_grade,lap5_position_gain_from_previous,0.001358695652173919,0.0007844433005293863
500m,500m_grade,position_range,0.001358695652173919,0.0007844433005293862
500m,500m_grade,position_std,0.001358695652173919,0.0007844433005293862
500m,500m_grade,positive_position_gain_sum,0.001358695652173919,0.0007844433005293862
500m,500m_grade,position_stability_score,0.001358695652173919,0.0007844433005293862
500m,500m_grade,lap4_position_gain_from_previous,0.001358695652173919,0.0007844433005293862
500m,500m_grade,position_gain_total,0.0009057971014492794,0.0009057971014492794
500m,500m_grade,position_loss_events_count,0.0004528985507246397,0.0007844433005293863
500m,500m_grade,overtake_events_count,0.0004528985507246397,0.0007844433005293863
500m,500m_grade,negative_position_loss_sum,0.0004528985507246397,0.0007844433005293863
500m,500m_grade,lap2_position_gain_from_previous,0.0,0.0
500m,500m_grade,lap3_position_gain_from_previous,0.0,0.0
500m,500m_grade,early_position_gain_lap1_2,0.0,0.0
500m,500m_max_round,start_ratio_to_mean,0.012627656521665809,0.0005673883919358828
500m,500m_max_round,median_lap_time,0.012504853057848542,0.0016890667911820738
500m,500m_max_round,lap3_time_delta_from_previous,0.010730321905437157,0.0012086655053372773
500m,500m_max_round,lap_time_std,0.010544428689590046,0.0016760758838620282
500m,500m_max_round,lap4_time_delta_from_previous,0.010393983896288123,0.0017465271509895409
500m,500m_max_round,lap5_time_delta_from_previous,0.0101831923836532,0.001585155647251468
500m,500m_max_round,mid_lap_mean_time,0.009909944126534037,0.000754872165960281
500m,500m_max_round,last_lap_conversion_delta,0.009777645549535002,0.0012052363741667698
500m,500m_max_round,explosive_stability_lap1_3_std,0.009652099053020752,0.0010051272190110764
500m,500m_max_round,first_two_lap_mean_time,0.009455444708901029,0.002524360934190222
500m,500m_max_round,finish_vs_previous_delta,0.0094332894448102,0.0011233833156759304
500m,500m_max_round,finish_ratio_to_mean,0.009293605779780945,0.001494671804190448
500m,500m_max_round,slowest_lap_time,0.009157298154994081,0.0014286408454159088
500m,500m_max_round,lap4_time,0.00891105821981411,0.0016677692188693857
500m,500m_max_round,fastest_lap_time,0.00887603180229915,0.0007651046632864817
500m,500m_max_round,lap5_time,0.00882222616093592,0.0013355645674520743
500m,500m_max_round,lap2_time,0.008528932664877448,0.001506060852936755
500m,500m_max_round,lap3_time,0.008488631184483786,0.0007777360365178799
500m,500m_max_round,finish_vs_mid_delta,0.008451705744332516,0.0010755098324109961
500m,500m_max_round,lap_time_range,0.008331645313212205,0.00033257503985578175
500m,500m_max_round,early_lap_mean_time,0.008144908087304448,0.0023934618176771954
500m,500m_max_round,lap2_time_delta_from_previous,0.008130770918789443,0.0008175967104164862
500m,500m_max_round,lap_time_delta_std,0.008126128863456122,0.0003800271868802023
500m,500m_max_round,lap_time_cv,0.007963023919245166,0.0021226255979250575
500m,500m_max_round,start_explosion_time,0.007874402862882185,0.000806942119111195
500m,500m_max_round,late_lap_mean_time,0.007665510372883683,0.0007129503344885446
500m,500m_max_round,final_position,0.007587017437247906,0.0017148765576960666
500m,500m_max_round,mean_position,0.007561486132914713,0.0005875246725500984
500m,500m_max_round,reconstructed_total_time,0.007402390236491696,0.0016359854918124234
500m,500m_max_round,mean_lap_time,0.0062422984081970945,0.0021351535408253037
500m,500m_max_round,official_total_time_filled,0.006197987880015604,0.0010149603495815626
500m,500m_max_round,lap4_position,0.005911235461926789,0.000927913614848452
500m,500m_max_round,lap1_time,0.00547762529329357,0.0009484099026874028
500m,500m_max_round,best_position,0.005227165307810505,0.0014289039693987744
500m,500m_max_round,lap5_position,0.0049385138670853534,0.0010331154395803726
500m,500m_max_round,lap2_position,0.003916628686214035,0.0014088868466855086
500m,500m_max_round,lap1_position,0.0034353319491569057,0.0018676700588250302
500m,500m_max_round,position_std,0.003364857109096814,0.0004765224949311812
500m,500m_max_round,lap3_position,0.00325408078864306,0.0013266885788396124
500m,500m_max_round,position_stability_score,0.003125158251886473,0.0004394672835039582
500m,500m_max_round,start_position,0.0028808173393428116,0.0010346281715886713
500m,500m_max_round,position_range,0.0022598369372563987,0.0006368327170421317
500m,500m_max_round,first_turn_position,0.0021832430242569034,0.0009622816606885857
500m,500m_max_round,worst_position,0.002028156175621715,0.0007155819231547422
500m,500m_max_round,late_position_conversion,0.0016468746307456983,0.0005964573102698556
500m,500m_max_round,overtake_events_count,0.0012997754933239403,0.00038402457757302777
500m,500m_max_round,position_gain_total,0.0012339427085971133,0.00041831023789133844
500m,500m_max_round,negative_position_loss_sum,0.001033912324234998,0.000704337647262621
500m,500m_max_round,lap3_position_gain_from_previous,0.0009969868840837837,0.0003965317782895767
500m,500m_max_round,positive_position_gain_sum,0.000994243851386717,0.0006850354506324495
500m,500m_max_round,lap4_position_gain_from_previous,0.0009600614439325139,0.00033257503985573367
500m,500m_max_round,position_loss_events_count,0.0007680491551460555,0.0
500m,500m_max_round,lap5_position_gain_from_previous,0.0005652757380869289,0.000799056328488867
500m,500m_max_round,lap2_position_gain_from_previous,0.00019201228878651388,0.00033257503985582984
500m,500m_max_round,early_position_gain_lap1_2,0.00019201228878651388,0.00033257503985582984
500m,500m_final_entry,lap3_time_delta_from_previous,0.024817136886102403,0.0034216539874677397
500m,500m_final_entry,lap3_time,0.023275862068965536,0.0048672836431910334
500m,500m_final_entry,early_lap_mean_time,0.022152560083594564,0.004949934914243251
500m,500m_final_entry,first_two_lap_mean_time,0.02129049111807732,0.0036410860350841977
500m,500m_final_entry,start_explosion_time,0.01865203761755485,0.0037996609896712216
500m,500m_final_entry,final_position,0.017398119122257,0.001901805091243586
500m,500m_final_entry,lap4_time_delta_from_previous,0.017084639498432558,0.001592450434078177
500m,500m_final_entry,start_ratio_to_mean,0.016692789968652005,0.001543487068623023
500m,500m_final_entry,fastest_lap_time,0.016483803552769044,0.00200775888427816
500m,500m_final_entry,explosive_stability_lap1_3_std,0.016118077324973862,0.0032193194049086123
500m,500m_final_entry,lap_time_delta_std,0.01585684430512016,0.0025652763321961504
500m,500m_final_entry,lap5_time_delta_from_previous,0.014420062695924774,0.0013299814066204255
500m,500m_final_entry,finish_ratio_to_mean,0.014420062695924718,0.004021970585980716
500m,500m_final_entry,lap5_time,0.014393939393939376,0.0025125945381480465
500m,500m_final_entry,reconstructed_total_time,0.013897596656217315,0.006095636161352225
500m,500m_final_entry,median_lap_time,0.013845350052246547,0.0025813206535079737
500m,500m_final_entry,last_lap_conversion_delta,0.013375130616509884,0.002804820382752254
500m,500m_final_entry,finish_vs_previous_delta,0.013087774294670812,0.0017096299134750825
500m,500m_final_entry,finish_vs_mid_delta,0.01272204806687563,0.0024026338054496024
500m,500m_final_entry,lap2_time,0.012591431556948751,0.0016263722483044506
500m,500m_final_entry,late_lap_mean_time,0.01214733542319743,0.0031680360660263822
500m,500m_final_entry,lap1_time,0.01172936259143148,0.0013121597027037513
500m,500m_final_entry,official_total_time_filled,0.011624869383490055,0.0055432514217135095
500m,500m_final_entry,lap_time_range,0.011363636363636326,0.0013121597027037034
500m,500m_final_entry,mean_lap_time,0.010684430512016702,0.006677097590743943
500m,500m_final_entry,lap4_time,0.010632183908045961,0.0025125945381480465
500m,500m_final_entry,lap_time_std,0.010632183908045933,0.002952164294958838
500m,500m_final_entry,best_position,0.01050156739811911,0.005142775242310454
500m,500m_final_entry,mean_position,0.01010971786833853,0.0017599817411391632
500m,500m_final_entry,mid_lap_mean_time,0.01003134796238242,0.002607100303004112
500m,500m_final_entry,lap_time_cv,0.009012539184952956,0.0030189089648240317
500m,500m_final_entry,lap3_position,0.008908045977011447,0.0017096299134749927
500m,500m_final_entry,lap4_position,0.008124346917450342,0.004798943718951872
500m,500m_final_entry,slowest_lap_time,0.007262277951933099,0.002292310446027173
500m,500m_final_entry,lap5_position,0.0070794148380354804,0.003346536711963943
500m,500m_final_entry,lap2_time_delta_from_previous,0.006635318704284188,0.003084320197104547
500m,500m_final_entry,position_stability_score,0.005303030303030282,0.003936479108111057
500m,500m_final_entry,position_std,0.004467084639498409,0.001759981741139154
500m,500m_final_entry,lap2_position,0.004258098223615447,0.0039572275934274355
500m,500m_final_entry,position_range,0.0022727272727272874,0.0025125945381480465
500m,500m_final_entry,late_position_conversion,0.0022727272727272874,0.0013121597027037034
500m,500m_final_entry,lap1_position,0.001698014629049116,0.002859159302030486
500m,500m_final_entry,positive_position_gain_sum,0.001515151515151525,0.001515151515151525
500m,500m_final_entry,overtake_events_count,0.001515151515151525,0.001515151515151525
500m,500m_final_entry,lap3_position_gain_from_previous,0.0011494252873562871,0.0
500m,500m_final_entry,position_gain_total,0.0007575757575757625,0.0013121597027037034
500m,500m_final_entry,early_position_gain_lap1_2,0.0007575757575757625,0.0013121597027037034
500m,500m_final_entry,start_position,0.0007575757575757347,0.002952164294958881
500m,500m_final_entry,first_turn_position,0.000653082549634254,0.0007691970671021429
500m,500m_final_entry,position_loss_events_count,0.0,0.0
500m,500m_final_entry,negative_position_loss_sum,0.0,0.0
500m,500m_final_entry,lap4_position_gain_from_previous,0.0,0.0
500m,500m_final_entry,lap2_position_gain_from_previous,0.0,0.0
500m,500m_final_entry,lap5_position_gain_from_previous,0.0,0.0
500m,500m_final_entry,worst_position,-0.0025862068965517016,0.002565276332196193
500m,500m_tactical_style,lap1_position,0.0,0.0
500m,500m_tactical_style,lap2_position,0.0,0.0
500m,500m_tactical_style,lap3_position,0.0,0.0
500m,500m_tactical_style,lap4_position,0.0,0.0
500m,500m_tactical_style,lap5_position,0.0,0.0
500m,500m_tactical_style,lap_time_std,0.0,0.0
500m,500m_tactical_style,lap_time_cv,0.0,0.0
500m,500m_tactical_style,lap_time_range,0.0,0.0
500m,500m_tactical_style,start_ratio_to_mean,0.0,0.0
500m,500m_tactical_style,finish_ratio_to_mean,0.0,0.0
500m,500m_tactical_style,finish_vs_mid_delta,0.0,0.0
500m,500m_tactical_style,finish_vs_previous_delta,0.0,0.0
500m,500m_tactical_style,position_std,0.0,0.0
500m,500m_tactical_style,position_range,0.0,0.0
500m,500m_tactical_style,position_gain_total,0.0,0.0
500m,500m_tactical_style,position_stability_score,0.0,0.0
500m,500m_tactical_style,overtake_events_count,0.0,0.0
500m,500m_tactical_style,position_loss_events_count,0.0,0.0
500m,500m_tactical_style,positive_position_gain_sum,0.0,0.0
500m,500m_tactical_style,negative_position_loss_sum,0.0,0.0
500m,500m_tactical_style,lap_time_delta_std,0.0,0.0
500m,500m_tactical_style,lap2_time_delta_from_previous,0.0,0.0
500m,500m_tactical_style,lap3_time_delta_from_previous,0.0,0.0
500m,500m_tactical_style,lap4_time_delta_from_previous,0.0,0.0
500m,500m_tactical_style,lap5_time_delta_from_previous,0.0,0.0
500m,500m_tactical_style,lap2_position_gain_from_previous,0.0,0.0
500m,500m_tactical_style,lap3_position_gain_from_previous,0.0,0.0
500m,500m_tactical_style,lap4_position_gain_from_previous,0.0,0.0
500m,500m_tactical_style,lap5_position_gain_from_previous,0.0,0.0
500m,500m_tactical_style,first_turn_position,0.0,0.0
500m,500m_tactical_style,early_position_gain_lap1_2,0.0,0.0
500m,500m_tactical_style,explosive_stability_lap1_3_std,0.0,0.0
500m,500m_tactical_style,last_lap_conversion_delta,0.0,0.0
500m,500m_tactical_style,late_position_conversion,0.0,0.0
500m,500m_key_lap,lap3_position_gain_from_previous,0.07896569689427974,0.0034527492502384113
500m,500m_key_lap,lap4_position_gain_from_previous,0.017240265020541296,0.0048187475241141765
500m,500m_key_lap,position_std,0.014588340242430692,0.004174679053057332
500m,500m_key_lap,position_stability_score,0.010217652380670683,0.0025088578224560848
500m,500m_key_lap,late_position_conversion,0.009078658149159508,0.001712369720949812
500m,500m_key_lap,lap5_position_gain_from_previous,0.008014828361925463,0.001378629063186526
500m,500m_key_lap,lap1_time,0.007379820358686201,0.0020419169404442333
500m,500m_key_lap,fastest_lap_time,0.005794888637027207,0.0018258998276981363
500m,500m_key_lap,early_position_gain_lap1_2,0.004679176755448072,0.0031298794782125407
500m,500m_key_lap,lap_time_delta_std,0.004095530025930411,0.0005858497941911942
500m,500m_key_lap,lap2_time_delta_from_previous,0.0034019370460049436,0.00029356793348624577
500m,500m_key_lap,last_lap_conversion_delta,0.0031415719247632756,0.0010451661067563123
500m,500m_key_lap,start_explosion_time,0.002943863445125733,0.0011123087762738434
500m,500m_key_lap,finish_vs_previous_delta,0.0024323520666073017,0.0017543859649122862
500m,500m_key_lap,lap5_time_delta_from_previous,0.0024323520666073017,0.0017543859649122862
500m,500m_key_lap,finish_ratio_to_mean,0.0020933690157598217,0.0017868350854634504
500m,500m_key_lap,lap2_position_gain_from_previous,0.0017070217917676822,0.0007387964311085771
500m,500m_key_lap,lap4_time_delta_from_previous,0.0015848944394886155,0.001602917695548607
500m,500m_key_lap,lap_time_cv,0.001063829787234044,0.0006142024140315176
500m,500m_key_lap,lap3_time_delta_from_previous,0.0009803921568627971,0.0016980890270284013
500m,500m_key_lap,first_two_lap_mean_time,0.000847457627118714,0.0005621397949755244
500m,500m_key_lap,lap2_time,0.0006779661016949878,0.00047939442792311476
500m,500m_key_lap,finish_vs_mid_delta,0.0005084745762712617,0.00029356793348629386
500m,500m_key_lap,slowest_lap_time,0.0003389830508475078,0.0003389830508475078
500m,500m_key_lap,lap_time_range,0.0001694915254237539,0.00029356793348629386
500m,500m_key_lap,mean_lap_time,0.0,0.0
500m,500m_key_lap,start_position,0.0,0.0
500m,500m_key_lap,final_position,0.0,0.0
500m,500m_key_lap,best_position,0.0,0.0
500m,500m_key_lap,lap_time_std,0.0,0.0
500m,500m_key_lap,start_ratio_to_mean,0.0,0.0
500m,500m_key_lap,lap3_position,0.0,0.0
500m,500m_key_lap,lap2_position,0.0,0.0
500m,500m_key_lap,lap1_position,0.0,0.0
500m,500m_key_lap,lap5_time,0.0,0.0
500m,500m_key_lap,lap4_time,0.0,0.0
500m,500m_key_lap,median_lap_time,0.0,0.0
500m,500m_key_lap,late_lap_mean_time,0.0,0.0
500m,500m_key_lap,mid_lap_mean_time,0.0,0.0
500m,500m_key_lap,explosive_stability_lap1_3_std,0.0,0.0
500m,500m_key_lap,worst_position,0.0,0.0
500m,500m_key_lap,first_turn_position,0.0,0.0
500m,500m_key_lap,early_lap_mean_time,-4.5399515738397955e-05,0.0021096727211951808
500m,500m_key_lap,position_range,-0.0003233561726168066,0.0003552979038035017
500m,500m_key_lap,mean_position,-0.0005084745762710952,0.0002935679334861977
500m,500m_key_lap,lap4_position,-0.0006779661016947935,0.0
500m,500m_key_lap,lap5_position,-0.0006779661016947935,0.0
500m,500m_key_lap,reconstructed_total_time,-0.0008928571428571119,0.0015464739353293012
500m,500m_key_lap,official_total_time_filled,-0.0008928571428571119,0.0015464739353293012
500m,500m_key_lap,position_loss_events_count,-0.001186440677965972,0.00029356793348624577
500m,500m_key_lap,negative_position_loss_sum,-0.0017403147699756594,0.0014748221336716425
500m,500m_key_lap,lap3_time,-0.002678571428571336,0.0015464739353293012
500m,500m_key_lap,positive_position_gain_sum,-0.003017554479418788,0.0017640345852414654
500m,500m_key_lap,overtake_events_count,-0.003187046004842514,0.001840041868815547
500m,500m_key_lap,position_gain_total,-0.003714221543762025,0.0015931797145754122
500m,500m_style_cluster,finish_vs_mid_delta,8.97453554664805,0.0
500m,500m_style_cluster,finish_vs_previous_delta,8.77699950106909,0.0
500m,500m_style_cluster,lap_time_delta_std,3.894903220448235,0.0
500m,500m_style_cluster,lap_time_std,3.794507685784456,0.0
500m,500m_style_cluster,position_gain_total,1.2711663853224386,0.0
500m,500m_style_cluster,final_position,0.9891451305063351,0.0
500m,500m_style_cluster,negative_position_loss_sum,0.9732382727530039,0.0
500m,500m_style_cluster,position_range,0.8629383176346191,0.0
500m,500m_style_cluster,positive_position_gain_sum,0.613177856038656,0.0
500m,500m_style_cluster,position_loss_events_count,0.6020529820019772,0.0
500m,500m_style_cluster,start_position,0.5617456033607685,0.0
500m,500m_style_cluster,finish_ratio_to_mean,0.5578662896486892,0.0
500m,500m_style_cluster,overtake_events_count,0.5340378191519386,0.0
500m,500m_style_cluster,position_std,0.3925921008617041,0.0
500m,500m_style_cluster,mean_position,0.2864841986539543,0.0
500m,500m_style_cluster,lap_time_cv,0.28483607601411387,0.0
500m,500m_style_cluster,position_stability_score,0.20188277783808628,0.0
500m,500m_style_cluster,start_ratio_to_mean,0.12134696854996244,0.0
500m,500m_risk_detection,position_range,0.6603003250034727,0.0
500m,500m_risk_detection,position_std,0.647680575063348,0.0
500m,500m_risk_detection,negative_position_loss_sum,0.546995807679819,0.0
500m,500m_risk_detection,position_loss_events_count,0.5288092588581442,0.0
500m,500m_risk_detection,final_position,0.30477433091441014,0.0
500m,500m_risk_detection,lap_time_range,0.26948767750687214,0.0
500m,500m_risk_detection,official_total_time_filled,0.24572877170026505,0.0
500m,500m_risk_detection,mean_lap_time,0.24565942039074543,0.0
500m,500m_risk_detection,reconstructed_total_time,0.24565879194708626,0.0
500m,500m_risk_detection,lap_time_std,0.23352444977482595,0.0
500m,500m_risk_detection,lap_time_cv,0.201119345593273,0.0
500m,500m_risk_detection,lap_time_delta_std,0.15940702548732963,0.0
500m,500m_risk_detection,position_gain_total,0.1418689888189911,0.0
500m,500m_risk_detection,finish_vs_mid_delta,0.0487120707449442,0.0
500m,500m_risk_detection,finish_vs_previous_delta,0.028130806727623272,0.0
1000m,1000m_advancement,final_position,0.012190229987520063,0.005914909694768393
1000m,1000m_advancement,lap9_time_delta_from_previous,0.008134248529149624,0.001189413010874728
1000m,1000m_advancement,sprint_reserve_lap9_vs_lap7_8,0.00804510607951514,0.001121500057058853
1000m,1000m_advancement,lap8_position,0.006992110893207365,0.002115688519596294
1000m,1000m_advancement,lap9_time,0.006947539668390151,0.0006634182019634985
1000m,1000m_advancement,lap3_time_delta_from_previous,0.0066411124977714675,0.0016280703773247263
1000m,1000m_advancement,lap9_position,0.0066411124977714675,0.0025497798839621126
1000m,1000m_advancement,finish_vs_previous_delta,0.0065073988233197155,0.0011869050207127122
1000m,1000m_advancement,lap8_time_delta_from_previous,0.006462827598502474,0.001121500057058853
1000m,1000m_advancement,finish_ratio_to_mean,0.006200971652701059,0.002141354848325158
1000m,1000m_advancement,lap7_position,0.00615640042788379,0.001435423111347871
1000m,1000m_advancement,late_lap_mean_time,0.005671688357996141,0.0007492242589594452
1000m,1000m_advancement,lap6_time,0.0054544036370119675,0.000714596250058157
1000m,1000m_advancement,lap8_time,0.005231547512925705,0.0020401607895069044
1000m,1000m_advancement,lap_time_delta_std,0.005058834016758801,0.0020108366241595936
1000m,1000m_advancement,lap7_time,0.004707835621322903,0.0006851466802091634
1000m,1000m_advancement,lap2_time,0.004618693171688393,0.0007402002699467479
1000m,1000m_advancement,mean_position,0.004484979497236641,0.0006634182019634875
1000m,1000m_advancement,mid_lap_mean_time,0.0042676947762524675,0.00144749298635746
1000m,1000m_advancement,early_lap_mean_time,0.004223123551435226,0.0008802816901408161
1000m,1000m_advancement,position_std,0.004178552326617957,0.0019091955514164926
1000m,1000m_advancement,official_total_time_filled,0.004089409876983474,0.0008380842260863853
1000m,1000m_advancement,finish_vs_mid_delta,0.004000267427348936,0.0007492242589594452
1000m,1000m_advancement,worst_position,0.0038721251559993564,0.0007145962500581298
1000m,1000m_advancement,lap5_time_delta_from_previous,0.0038275539311820594,0.0013931070365081472
1000m,1000m_advancement,lap3_time,0.0038275539311820594,0.0013931070365081472
1000m,1000m_advancement,mean_lap_time,0.0037384114815475766,0.0006851466802092115
1000m,1000m_advancement,mid_position_control_mean_lap3_6,0.0037384114815475766,0.0006851466802092115
1000m,1000m_advancement,position_stability_score,0.003738411481547549,0.0018471785124712337
1000m,1000m_advancement,lap6_time_delta_from_previous,0.003738411481547549,0.0013704632434307319
1000m,1000m_advancement,lap5_time,0.0034319843109289205,0.002011330535526984
1000m,1000m_advancement,median_lap_time,0.0034319843109289205,0.001183552766827958
1000m,1000m_advancement,lap6_position,0.00334284186129441,0.0015822784810126667
1000m,1000m_advancement,reconstructed_total_time,0.00334284186129441,0.0
1000m,1000m_advancement,lap4_time_delta_from_previous,0.003298270636477141,0.001182713218740915
1000m,1000m_advancement,late_position_gain_lap7_9,0.0032091281868426025,0.0016280703773247555
1000m,1000m_advancement,negative_position_loss_sum,0.003080985915493051,0.0007623463061482965
1000m,1000m_advancement,lap1_time,0.0029472722410412433,0.0013119560088431241
1000m,1000m_advancement,lap_time_std,0.002902701016223974,0.0021160406086635163
1000m,1000m_advancement,front_mid_pace_mean_lap2_5,0.002902701016223974,0.0007623463061482965
1000m,1000m_advancement,lap_time_cv,0.002902701016223974,0.0007623463061482965
1000m,1000m_advancement,fastest_lap_time,0.002902701016223974,0.0007623463061482965
1000m,1000m_advancement,best_position,0.0027244161169549252,0.004057706848802009
1000m,1000m_advancement,lap2_time_delta_from_previous,0.0025071313959708075,0.001447492986357508
1000m,1000m_advancement,speed_hold_lap6_8_std,0.0025071313959708075,0.001447492986357508
1000m,1000m_advancement,lap7_time_delta_from_previous,0.0024625601711535383,0.0014236215963995297
1000m,1000m_advancement,lap8_position_gain_from_previous,0.0024625601711535383,0.0008802816901408717
1000m,1000m_advancement,lap_time_range,0.0024625601711535383,0.0024625601711535383
1000m,1000m_advancement,start_ratio_to_mean,0.002111561775717641,0.0007145962500581776
1000m,1000m_advancement,lap9_position_gain_from_previous,0.0020669905509003716,0.001393107036508198
1000m,1000m_advancement,lap4_position,0.0020669905509003716,0.0007402002699467843
1000m,1000m_advancement,slowest_lap_time,0.0017605633802817433,0.0
1000m,1000m_advancement,position_loss_events_count,0.0017159921554644741,0.0011827132187409153
1000m,1000m_advancement,lap2_position,0.0017159921554644741,0.001121500057058853
1000m,1000m_advancement,lap2_position_gain_from_previous,0.0017159921554644741,7.719962593908503e-05
1000m,1000m_advancement,acceleration_lap6_vs_lap5,0.001671420930647205,0.0011835527668279972
1000m,1000m_advancement,lap4_time,0.0016268497058299358,7.719962593908503e-05
1000m,1000m_advancement,lap3_position_gain_from_previous,0.0015822784810126667,0.0
1000m,1000m_advancement,lap6_position_gain_from_previous,0.0015822784810126667,0.0
1000m,1000m_advancement,positive_position_gain_sum,0.0011867088607595,0.0006851466802092115
1000m,1000m_advancement,lap3_position,0.0011867088607595,0.0006851466802092114
1000m,1000m_advancement,lap1_position,0.0008357104653236025,0.0018294913340303235
1000m,1000m_advancement,position_range,0.0007911392405063333,0.0007911392405063333
1000m,1000m_advancement,position_gain_total,0.0007911392405063333,0.0007911392405063333
1000m,1000m_advancement,overtake_events_count,0.00039556962025316666,0.0006851466802092114
1000m,1000m_advancement,start_position,0.00039556962025316666,0.001311956008843124
1000m,1000m_advancement,lap7_position_gain_from_previous,0.00039556962025316666,0.0006851466802092115
1000m,1000m_advancement,lap5_position,0.0,0.0011188398436496065
1000m,1000m_advancement,lap4_position_gain_from_previous,0.0,0.0
1000m,1000m_advancement,lap5_position_gain_from_previous,0.0,0.0
1000m,1000m_grade,lap_time_std,0.31511246383578695,0.0043228851205669655
1000m,1000m_grade,lap_time_cv,0.2229209010840108,0.00946879327438289
1000m,1000m_grade,lap_time_range,0.21562683109939204,0.011839361944902385
1000m,1000m_grade,start_ratio_to_mean,0.17008653089064668,0.007161743223892734
1000m,1000m_grade,lap2_time_delta_from_previous,0.012187110891379166,0.0021698651534981235
1000m,1000m_grade,lap_time_delta_std,0.011870674027686129,0.0031421125544604882
1000m,1000m_grade,lap3_time_delta_from_previous,0.010346283783783744,0.0012111401557000656
1000m,1000m_grade,speed_hold_lap6_8_std,0.008152683933933896,0.0025677429614147478
1000m,1000m_grade,finish_ratio_to_mean,0.006463494744744724,0.0018918832220229157
1000m,1000m_grade,finish_vs_mid_delta,0.00558370870870864,0.0007314403748179185
1000m,1000m_grade,lap4_time_delta_from_previous,0.005184872372372307,0.001227840100237415
1000m,1000m_grade,acceleration_lap6_vs_lap5,0.005102759009008945,0.0012110833466681692
1000m,1000m_grade,lap5_time_delta_from_previous,0.004199225902731918,0.0030067525073021726
1000m,1000m_grade,lap8_time_delta_from_previous,0.0038063978612758176,0.0013938245757649495
1000m,1000m_grade,lap7_time_delta_from_previous,0.0029795420420419827,0.0014078531520906083
1000m,1000m_grade,lap6_time_delta_from_previous,0.002568975225225145,0.0014831985378252171
1000m,1000m_grade,position_stability_score,0.002146677927927859,0.0007384614646929745
1000m,1000m_grade,position_std,0.002146677927927859,0.0007384614646929745
1000m,1000m_grade,lap9_position,0.0021232169669669065,0.0007517581630072985
1000m,1000m_grade,lap9_time_delta_from_previous,0.0017126501501500968,0.001211140155700066
1000m,1000m_grade,finish_vs_previous_delta,0.0008445945945945721,0.0008445945945945721
1000m,1000m_grade,lap8_position,0.00043402777777776236,0.0007517581630072985
1000m,1000m_grade,position_gain_total,0.00042229729729728605,0.0007314403748179185
1000m,1000m_grade,lap4_position,0.0,0.0
1000m,1000m_grade,lap6_position,0.0,0.0
1000m,1000m_grade,lap2_position,0.0,0.0
1000m,1000m_grade,lap3_position,0.0,0.0
1000m,1000m_grade,lap5_position,0.0,0.0
1000m,1000m_grade,lap1_position,0.0,0.0
1000m,1000m_grade,lap7_position,0.0,0.0
1000m,1000m_grade,positive_position_gain_sum,0.0,0.0
1000m,1000m_grade,negative_position_loss_sum,0.0,0.0
1000m,1000m_grade,overtake_events_count,0.0,0.0
1000m,1000m_grade,position_range,0.0,0.0
1000m,1000m_grade,position_loss_events_count,0.0,0.0
1000m,1000m_grade,lap2_position_gain_from_previous,0.0,0.0
1000m,1000m_grade,lap3_position_gain_from_previous,0.0,0.0
1000m,1000m_grade,lap5_position_gain_from_previous,0.0,0.0
1000m,1000m_grade,lap4_position_gain_from_previous,0.0,0.0
1000m,1000m_grade,lap6_position_gain_from_previous,0.0,0.0
1000m,1000m_grade,lap8_position_gain_from_previous,0.0,0.0
1000m,1000m_grade,mid_position_control_mean_lap3_6,0.0,0.0
1000m,1000m_grade,lap9_position_gain_from_previous,0.0,0.0
1000m,1000m_grade,late_position_gain_lap7_9,0.0,0.0
1000m,1000m_grade,lap7_position_gain_from_previous,-0.0004340277777777901,0.0007517581630073466
1000m,1000m_max_round,final_position,0.009783841072660976,0.003746593730520981
1000m,1000m_max_round,sprint_reserve_lap9_vs_lap7_8,0.008878043971211752,0.002093671804151869
1000m,1000m_max_round,lap9_position,0.00832100956324558,0.0038361724815370005
1000m,1000m_max_round,slowest_lap_time,0.007499014098393042,0.0005530215446436232
1000m,1000m_max_round,mid_lap_mean_time,0.007169969437050172,0.0007899873071461323
1000m,1000m_max_round,fastest_lap_time,0.006864339938874142,0.0013267819182444028
1000m,1000m_max_round,lap2_time_delta_from_previous,0.006806418219461735,0.0008869921689976306
1000m,1000m_max_round,lap6_time,0.006709060435768521,0.0006274239407156937
1000m,1000m_max_round,lap3_time_delta_from_previous,0.006503253475303145,0.00044853613656607857
1000m,1000m_max_round,lap1_time,0.006396036675539785,0.0009445154795370643
1000m,1000m_max_round,lap_time_range,0.006387410036478414,0.0012216747908263001
1000m,1000m_max_round,lap8_position,0.006139702257714652,0.0037830634159827107
1000m,1000m_max_round,speed_hold_lap6_8_std,0.006050971113082948,0.0007899873071461322
1000m,1000m_max_round,lap4_time,0.006026323572907416,0.0006451208198684349
1000m,1000m_max_round,official_total_time_filled,0.005721926451740189,0.0006122656852861395
1000m,1000m_max_round,lap_time_std,0.005681258010450552,0.0011636380156533604
1000m,1000m_max_round,lap7_time,0.005476683426993978,0.0004436557231589089
1000m,1000m_max_round,start_ratio_to_mean,0.005392881790397319,0.0005748744843582037
1000m,1000m_max_round,finish_vs_mid_delta,0.00530291826875684,0.0008599651805432067
1000m,1000m_max_round,lap3_time,0.0051969338460022,0.000693664065507962
1000m,1000m_max_round,lap_time_cv,0.005114364586414261,0.0010301639847048786
1000m,1000m_max_round,median_lap_time,0.005082322784186133,0.0009411940040898515
1000m,1000m_max_round,lap_time_delta_std,0.005072463768115959,0.0011356018119249105
1000m,1000m_max_round,lap7_time_delta_from_previous,0.004982500246475424,0.0013523949421396615
1000m,1000m_max_round,lap8_time,0.004933205166124444,0.0010127312546448456
1000m,1000m_max_round,early_lap_mean_time,0.004776693286010131,0.0007357197849058443
1000m,1000m_max_round,lap9_time_delta_from_previous,0.004734792467711774,0.0018260633787258727
1000m,1000m_max_round,mean_position,0.004727398205659095,0.0009961936911325566
1000m,1000m_max_round,reconstructed_total_time,0.004678103125308142,0.0005930794348573266
1000m,1000m_max_round,lap5_time_delta_from_previous,0.004596766242728978,0.000647855330629696
1000m,1000m_max_round,mean_lap_time,0.0045955338657202305,0.0009412545138359782
1000m,1000m_max_round,lap2_time,0.004579512964606153,0.0008174589961263605
1000m,1000m_max_round,lap8_time_delta_from_previous,0.004357685103026754,0.0010900790884104995
1000m,1000m_max_round,finish_ratio_to_mean,0.0042751158434388425,0.001637061990861184
1000m,1000m_max_round,finish_vs_previous_delta,0.004160504781622831,0.001280197127926421
1000m,1000m_max_round,late_lap_mean_time,0.004144483880508754,0.0011412283547021249
1000m,1000m_max_round,lap4_time_delta_from_previous,0.004111209701271851,0.001053975621828745
1000m,1000m_max_round,front_mid_pace_mean_lap2_5,0.0039054027408065017,0.0013093314118984435
1000m,1000m_max_round,acceleration_lap6_vs_lap5,0.003815439219165939,0.0011912694443058747
1000m,1000m_max_round,position_stability_score,0.0037587498767623073,0.0006416365895901672
1000m,1000m_max_round,lap9_time,0.003660159716060374,0.0007545891823693095
1000m,1000m_max_round,lap5_time,0.003633047421867319,0.0007160524029544648
1000m,1000m_max_round,position_std,0.003173370797594416,0.0007814737676126909
1000m,1000m_max_round,lap7_position,0.003083407275953881,0.0007250274098999771
1000m,1000m_max_round,lap8_position_gain_from_previous,0.003076013013901202,0.00034506556245689213
1000m,1000m_max_round,late_position_gain_lap7_9,0.003076013013901202,0.00034506556245689213
1000m,1000m_max_round,lap6_time_delta_from_previous,0.0028122843340235015,0.00035142414033363444
1000m,1000m_max_round,positive_position_gain_sum,0.0026631667159617844,0.001034036282199542
1000m,1000m_max_round,position_range,0.002655772453909133,0.0012426730261346412
1000m,1000m_max_round,start_position,0.0023932761510401523,0.0007250274098999247
1000m,1000m_max_round,lap2_position_gain_from_previous,0.0023932761510401246,0.0004166017622544102
1000m,1000m_max_round,negative_position_loss_sum,0.0022207433698116785,0.0007060089869838352
1000m,1000m_max_round,best_position,0.0021468007492852492,0.0014241266810641226
1000m,1000m_max_round,mid_position_control_mean_lap3_6,0.0019730355910480557,0.00028729718807821934
1000m,1000m_max_round,lap6_position,0.0019089519865917726,0.00014000909311645226
1000m,1000m_max_round,worst_position,0.0017857142857143071,0.0004418496958083924
1000m,1000m_max_round,overtake_events_count,0.001710539288179047,0.0010204081632652628
1000m,1000m_max_round,lap1_position,0.00162057576653854,0.0003718165376678188
1000m,1000m_max_round,position_loss_events_count,0.001448042985310094,0.0008468313386456005
1000m,1000m_max_round,lap7_position_gain_from_previous,0.0013802622498274852,0.0004879963983343979
1000m,1000m_max_round,lap4_position,0.0012003352065464157,0.0009222561501528154
1000m,1000m_max_round,lap6_position_gain_from_previous,0.0010204081632653184,0.0
1000m,1000m_max_round,lap3_position,0.0008626639061422026,0.00029883554305878637
1000m,1000m_max_round,lap2_position,0.00042763482204477565,0.0004432909950394318
1000m,1000m_max_round,position_gain_total,0.00042024055999209664,0.0003718165376678188
1000m,1000m_max_round,lap5_position,0.00034506556245689213,0.00034506556245689213
1000m,1000m_max_round,lap4_position_gain_from_previous,8.256925958788353e-05,0.00014301415274955794
1000m,1000m_max_round,lap3_position_gain_from_previous,0.0,0.0
1000m,1000m_max_round,lap5_position_gain_from_previous,0.0,0.0
1000m,1000m_max_round,lap9_position_gain_from_previous,0.0,0.0
1000m,1000m_final_entry,lap9_time,0.039828298196044415,0.004162161719235464
1000m,1000m_final_entry,late_lap_mean_time,0.02558547054988053,0.005104671683203832
1000m,1000m_final_entry,mean_position,0.024152358183003764,0.0028943173256138753
1000m,1000m_final_entry,final_position,0.022990925885677055,0.0032567843102166002
1000m,1000m_final_entry,lap8_position,0.022257389697891816,0.0025819881932903975
1000m,1000m_final_entry,finish_vs_mid_delta,0.022250597696153035,0.005161420833902818
1000m,1000m_final_entry,lap8_time,0.022237013692675583,0.00289320141038986
1000m,1000m_final_entry,sprint_reserve_lap9_vs_lap7_8,0.019791893066724686,0.0024272831580958456
1000m,1000m_final_entry,best_position,0.019628885024994602,0.0059949794856386926
1000m,1000m_final_entry,lap9_position,0.018331612692892907,0.0022723382570617734
1000m,1000m_final_entry,lap6_time,0.01805314062160404,0.005159150155843006
1000m,1000m_final_entry,fastest_lap_time,0.017604868506846394,0.002481303321001045
1000m,1000m_final_entry,finish_vs_previous_delta,0.01731281243208005,0.00254796040745135
1000m,1000m_final_entry,lap6_time_delta_from_previous,0.01731281243208005,0.0017595742009257828
1000m,1000m_final_entry,acceleration_lap6_vs_lap5,0.016871332319061128,0.0017915441572549516
1000m,1000m_final_entry,lap8_time_delta_from_previous,0.01674228428602484,0.003971381630543921
1000m,1000m_final_entry,official_total_time_filled,0.016294012171267164,0.001089158418747288
1000m,1000m_final_entry,finish_ratio_to_mean,0.0160087480982396,0.0030400486888117347
1000m,1000m_final_entry,lap9_time_delta_from_previous,0.01585932405998705,0.0025479604074513866
1000m,1000m_final_entry,mean_lap_time,0.015139371875679264,0.0007098535445179701
1000m,1000m_final_entry,mid_position_control_mean_lap3_6,0.014256411649641504,0.0021168720197600275
1000m,1000m_final_entry,early_lap_mean_time,0.013536459465333717,0.0036686052893495067
1000m,1000m_final_entry,lap7_time_delta_from_previous,0.013536459465333689,0.00443572836622237
1000m,1000m_final_entry,lap7_time,0.013529667463595019,0.0007529018941834052
1000m,1000m_final_entry,reconstructed_total_time,0.013244403390567344,0.0020360151044289346
1000m,1000m_final_entry,lap3_time_delta_from_previous,0.013237611388828618,0.0011185789708804724
1000m,1000m_final_entry,slowest_lap_time,0.012938763312323465,0.002610276814836027
1000m,1000m_final_entry,lap2_time_delta_from_previous,0.012517659204520859,0.0029256660820884102
1000m,1000m_final_entry,mid_lap_mean_time,0.012368235166268338,0.0026457353329560804
1000m,1000m_final_entry,speed_hold_lap6_8_std,0.012225603129754486,0.0038751331262044755
1000m,1000m_final_entry,lap4_time_delta_from_previous,0.011940339056726895,0.0019561436668707696
1000m,1000m_final_entry,median_lap_time,0.011648282981960523,0.0027281451231920754
1000m,1000m_final_entry,lap5_time,0.011641490980221797,0.0036813651919869886
1000m,1000m_final_entry,position_stability_score,0.011634698978483043,0.0012326875041507273
1000m,1000m_final_entry,lap5_time_delta_from_previous,0.011206802868941657,0.0019483931638045846
1000m,1000m_final_entry,lap4_time,0.011206802868941657,0.0031410786795060585
1000m,1000m_final_entry,lap1_time,0.010615898717670158,0.002861835542554505
1000m,1000m_final_entry,lap6_position,0.01003857856987625,0.002375103866197911
1000m,1000m_final_entry,front_mid_pace_mean_lap2_5,0.010038578569876222,0.0021506956890744947
1000m,1000m_final_entry,lap2_time,0.009746522495109877,0.0016657306374180361
1000m,1000m_final_entry,lap3_time,0.009610682460334807,0.003196565981857542
1000m,1000m_final_entry,position_range,0.009461258422082286,0.0016657306374179926
1000m,1000m_final_entry,start_position,0.009461258422082258,0.0018593097006406672
1000m,1000m_final_entry,lap_time_range,0.009311834383829709,0.0014838775183123698
1000m,1000m_final_entry,position_gain_total,0.009019778309063337,0.002348736660133803
1000m,1000m_final_entry,lap_time_delta_std,0.008877146272549569,0.0028618355425544723
1000m,1000m_final_entry,lap3_position,0.008877146272549513,0.003552126001871302
1000m,1000m_final_entry,negative_position_loss_sum,0.008585090197783224,0.0015049457455181242
1000m,1000m_final_entry,lap7_position,0.008299826124755577,0.0013827020952073522
1000m,1000m_final_entry,lap2_position,0.008293034123016851,0.002302588764274713
1000m,1000m_final_entry,position_std,0.00800777004998926,0.002302588764274717
1000m,1000m_final_entry,positive_position_gain_sum,0.00800777004998926,0.0023025887642747164
1000m,1000m_final_entry,lap_time_std,0.007416865898717734,0.0025475711162933944
1000m,1000m_final_entry,lap5_position,0.007274233862203966,0.001861590910973301
1000m,1000m_final_entry,start_ratio_to_mean,0.006540697674418644,0.0032737377924261413
1000m,1000m_final_entry,lap4_position,0.006106009563138476,0.002116872019760073
1000m,1000m_final_entry,worst_position,0.00582074549011094,0.0012326875041507273
1000m,1000m_final_entry,lap2_position_gain_from_previous,0.00582074549011094,0.0012326875041507273
1000m,1000m_final_entry,lap8_position_gain_from_previous,0.005813953488372103,0.0
1000m,1000m_final_entry,lap1_position,0.005528689415344568,0.0010473786419365953
1000m,1000m_final_entry,lap_time_cv,0.005528689415344568,0.002517515708675698
1000m,1000m_final_entry,overtake_events_count,0.005094001304064427,0.0027090808053501247
1000m,1000m_final_entry,position_loss_events_count,0.00508720930232559,0.001258757854337849
1000m,1000m_final_entry,lap7_position_gain_from_previous,0.004951369267550659,0.0005058559601544919
1000m,1000m_final_entry,late_position_gain_lap7_9,0.0049445772658118226,0.002198679124427469
1000m,1000m_final_entry,lap9_position_gain_from_previous,0.004509889154531682,0.0015049457455181242
1000m,1000m_final_entry,lap5_position_gain_from_previous,0.0043604651162790775,0.0014534883720930258
1000m,1000m_final_entry,lap4_position_gain_from_previous,0.0037831449684851692,0.0016682765698033634
1000m,1000m_final_entry,lap3_position_gain_from_previous,0.0020443925233646076,0.000505855960154492
1000m,1000m_final_entry,lap6_position_gain_from_previous,0.0,0.0
1000m,1000m_tactical_style,lap1_position,0.12439236111111113,0.00731385100820464
1000m,1000m_tactical_style,position_range,0.12360345444675044,0.006932381386542309
1000m,1000m_tactical_style,negative_position_loss_sum,0.07064332795264999,0.011973246014359099
1000m,1000m_tactical_style,positive_position_gain_sum,0.061699263038548724,0.0035222566713766293
1000m,1000m_tactical_style,position_std,0.022613636363636308,0.00654740810960951
1000m,1000m_tactical_style,position_gain_total,0.015890731292517057,0.006640084264249903
1000m,1000m_tactical_style,position_stability_score,0.003446969696969643,0.0027961684597499355
1000m,1000m_tactical_style,lap8_position,0.0022727272727271763,0.000787295821622222
1000m,1000m_tactical_style,mid_position_control_mean_lap3_6,0.002144886363636328,0.0013546218640530581
1000m,1000m_tactical_style,lap5_position,0.0007812499999999556,0.00045105489780436947
1000m,1000m_tactical_style,lap9_position,0.0005208333333333037,0.0005208333333333037
1000m,1000m_tactical_style,lap2_position,0.0004545454545454297,0.000787295821622174
1000m,1000m_tactical_style,lap4_position,0.0,0.0
1000m,1000m_tactical_style,start_ratio_to_mean,0.0,0.0
1000m,1000m_tactical_style,lap_time_range,0.0,0.0
1000m,1000m_tactical_style,lap_time_cv,0.0,0.0
1000m,1000m_tactical_style,lap_time_std,0.0,0.0
1000m,1000m_tactical_style,lap6_position,0.0,0.0
1000m,1000m_tactical_style,lap7_position,0.0,0.0
1000m,1000m_tactical_style,lap3_position,0.0,0.0
1000m,1000m_tactical_style,finish_vs_previous_delta,0.0,0.0
1000m,1000m_tactical_style,overtake_events_count,0.0,0.0
1000m,1000m_tactical_style,finish_ratio_to_mean,0.0,0.0
1000m,1000m_tactical_style,position_loss_events_count,0.0,0.0
1000m,1000m_tactical_style,lap_time_delta_std,0.0,0.0
1000m,1000m_tactical_style,lap2_time_delta_from_previous,0.0,0.0
1000m,1000m_tactical_style,lap3_time_delta_from_previous,0.0,0.0
1000m,1000m_tactical_style,lap4_time_delta_from_previous,0.0,0.0
1000m,1000m_tactical_style,finish_vs_mid_delta,0.0,0.0
1000m,1000m_tactical_style,lap5_time_delta_from_previous,0.0,0.0
1000m,1000m_tactical_style,lap6_time_delta_from_previous,0.0,0.0
1000m,1000m_tactical_style,lap8_time_delta_from_previous,0.0,0.0
1000m,1000m_tactical_style,lap7_time_delta_from_previous,0.0,0.0
1000m,1000m_tactical_style,lap2_position_gain_from_previous,0.0,0.0
1000m,1000m_tactical_style,lap3_position_gain_from_previous,0.0,0.0
1000m,1000m_tactical_style,lap4_position_gain_from_previous,0.0,0.0
1000m,1000m_tactical_style,lap9_time_delta_from_previous,0.0,0.0
1000m,1000m_tactical_style,lap5_position_gain_from_previous,0.0,0.0
1000m,1000m_tactical_style,lap6_position_gain_from_previous,0.0,0.0
1000m,1000m_tactical_style,lap8_position_gain_from_previous,0.0,0.0
1000m,1000m_tactical_style,lap7_position_gain_from_previous,0.0,0.0
1000m,1000m_tactical_style,lap9_position_gain_from_previous,0.0,0.0
1000m,1000m_tactical_style,acceleration_lap6_vs_lap5,0.0,0.0
1000m,1000m_tactical_style,speed_hold_lap6_8_std,0.0,0.0
1000m,1000m_tactical_style,late_position_gain_lap7_9,0.0,0.0
1000m,1000m_key_lap,lap5_position_gain_from_previous,0.07410061081220626,0.008414672908626722
1000m,1000m_key_lap,lap7_position_gain_from_previous,0.06384961744977416,0.005509870378110901
1000m,1000m_key_lap,lap6_position_gain_from_previous,0.04679584700106926,0.00446140189317087
1000m,1000m_key_lap,lap4_position_gain_from_previous,0.036761087800090325,0.005702006774774947
1000m,1000m_key_lap,lap3_position_gain_from_previous,0.03264976518833451,0.0028466933577599653
1000m,1000m_key_lap,lap8_position_gain_from_previous,0.027828263078551796,0.0041089359745444505
1000m,1000m_key_lap,lap2_time_delta_from_previous,0.01455026455026448,0.0010457267394736725
1000m,1000m_key_lap,lap2_position_gain_from_previous,0.00783897251288554,0.001896927444179818
1000m,1000m_key_lap,lap2_time,0.005789556876513446,0.0025793452663149625
1000m,1000m_key_lap,lap3_time_delta_from_previous,0.004115722865722843,0.002341230748724245
1000m,1000m_key_lap,lap9_position_gain_from_previous,0.003790669551539061,0.0010951150469345116
1000m,1000m_key_lap,lap4_time_delta_from_previous,0.0036411411411410854,0.00075914971532118
1000m,1000m_key_lap,slowest_lap_time,0.003627734877734823,0.0021572138193901584
1000m,1000m_key_lap,negative_position_loss_sum,0.003110253110253036,0.001255139410508183
1000m,1000m_key_lap,lap1_time,0.0029779779779779136,0.002695632112565586
1000m,1000m_key_lap,position_std,0.0029136279136278975,0.0013818787761553065
1000m,1000m_key_lap,lap4_time,0.0024175961675961255,0.0016102094999685022
1000m,1000m_key_lap,overtake_events_count,0.0022881464413722352,0.0020260874403527206
1000m,1000m_key_lap,front_mid_pace_mean_lap2_5,0.0021181896181895477,0.0005327385113980971
1000m,1000m_key_lap,lap5_time,0.0017674644690773567,0.002069759060664353
1000m,1000m_key_lap,lap3_time,0.0015327827827827378,0.0010326110992890727
1000m,1000m_key_lap,position_stability_score,0.0015015015015013566,0.0006613756613757515
1000m,1000m_key_lap,lap9_time,0.0014568139568139626,0.0005327385113980189
1000m,1000m_key_lap,early_lap_mean_time,0.0014121264121263744,0.0010005220913167799
1000m,1000m_key_lap,sprint_reserve_lap9_vs_lap7_8,0.0012914700414700386,0.00079301192734717
1000m,1000m_key_lap,finish_vs_previous_delta,0.0011261261261261424,0.0006501692220603987
1000m,1000m_key_lap,lap9_time_delta_from_previous,0.0011261261261261424,0.0006501692220603987
1000m,1000m_key_lap,late_position_gain_lap7_9,0.0010367510367509936,0.0008008925646081374
1000m,1000m_key_lap,position_loss_events_count,0.0009920634920634608,0.000739440468749907
1000m,1000m_key_lap,position_gain_total,0.000992063492063433,0.000330687830687737
1000m,1000m_key_lap,start_ratio_to_mean,0.0009920634920633775,0.0005727681241959911
1000m,1000m_key_lap,lap5_time_delta_from_previous,0.0008928571428571119,0.001571724158507432
1000m,1000m_key_lap,position_range,0.0007507507507507338,0.0011308686249025166
1000m,1000m_key_lap,official_total_time_filled,0.000540719290719277,0.0009365532841583943
1000m,1000m_key_lap,lap_time_std,0.000529100529100518,0.0013260540777621345
1000m,1000m_key_lap,lap7_time_delta_from_previous,0.000496031746031772,0.00028638406209804365
1000m,1000m_key_lap,finish_vs_mid_delta,0.00046475046475044635,0.0006501692220603987
1000m,1000m_key_lap,finish_ratio_to_mean,0.00042006292006291357,0.00042006292006291357
1000m,1000m_key_lap,median_lap_time,0.000330687830687848,0.000330687830687848
1000m,1000m_key_lap,lap8_position,0.000330687830687848,0.000330687830687848
1000m,1000m_key_lap,lap6_time,0.000330687830687848,0.000330687830687848
1000m,1000m_key_lap,positive_position_gain_sum,0.00028600028600025973,0.001066750755495708
1000m,1000m_key_lap,mean_lap_time,0.00021003146003145678,0.0007930119273472004
1000m,1000m_key_lap,lap6_time_delta_from_previous,0.000165343915343924,0.00028638406209804365
1000m,1000m_key_lap,lap7_time,0.000165343915343924,0.00028638406209804365
1000m,1000m_key_lap,reconstructed_total_time,0.0,0.0
1000m,1000m_key_lap,lap8_time,0.0,0.0
1000m,1000m_key_lap,lap1_position,0.0,0.0
1000m,1000m_key_lap,lap4_position,0.0,0.0
1000m,1000m_key_lap,lap5_position,0.0,0.0
1000m,1000m_key_lap,mid_lap_mean_time,0.0,0.00046766321507049245
1000m,1000m_key_lap,lap_time_range,0.0,0.0
1000m,1000m_key_lap,late_lap_mean_time,0.0,0.0
1000m,1000m_key_lap,fastest_lap_time,0.0,0.0
1000m,1000m_key_lap,lap9_position,0.0,0.0
1000m,1000m_key_lap,lap8_time_delta_from_previous,0.0,0.0
1000m,1000m_key_lap,worst_position,0.0,0.0
1000m,1000m_key_lap,lap_time_delta_std,0.0,0.0
1000m,1000m_key_lap,speed_hold_lap6_8_std,0.0,0.0
1000m,1000m_key_lap,mean_position,0.0,0.0
1000m,1000m_key_lap,start_position,0.0,0.0
1000m,1000m_key_lap,final_position,-0.000165343915343924,0.00028638406209804365
1000m,1000m_key_lap,lap2_position,-0.000165343915343924,0.00028638406209804365
1000m,1000m_key_lap,acceleration_lap6_vs_lap5,-0.000165343915343924,0.00028638406209804365
1000m,1000m_key_lap,lap6_position,-0.000330687830687848,0.000330687830687848
1000m,1000m_key_lap,lap7_position,-0.000330687830687848,0.000330687830687848
1000m,1000m_key_lap,lap3_position,-0.000330687830687848,0.000330687830687848
1000m,1000m_key_lap,mid_position_control_mean_lap3_6,-0.000496031746031772,0.00028638406209804365
1000m,1000m_key_lap,best_position,-0.000661375661375696,0.0
1000m,1000m_key_lap,lap_time_cv,-0.0015015015015015232,0.0
1000m,1000m_style_cluster,finish_vs_mid_delta,5.62451564189361,0.0
1000m,1000m_style_cluster,lap_time_delta_std,3.563767823762286,0.0
1000m,1000m_style_cluster,finish_vs_previous_delta,3.068565920926788,0.0
1000m,1000m_style_cluster,lap_time_std,2.768251417068367,0.0
1000m,1000m_style_cluster,position_gain_total,1.605765500423619,0.0
1000m,1000m_style_cluster,negative_position_loss_sum,1.2834449259836695,0.0
1000m,1000m_style_cluster,final_position,1.107045451176635,0.0
1000m,1000m_style_cluster,position_range,0.9754144758024218,0.0
1000m,1000m_style_cluster,positive_position_gain_sum,0.9092643554518786,0.0
1000m,1000m_style_cluster,position_loss_events_count,0.768047846340662,0.0
1000m,1000m_style_cluster,start_position,0.6489368277164875,0.0
1000m,1000m_style_cluster,overtake_events_count,0.6336182177442962,0.0
1000m,1000m_style_cluster,finish_ratio_to_mean,0.3958375501729984,0.0
1000m,1000m_style_cluster,position_std,0.356862502215074,0.0
1000m,1000m_style_cluster,lap_time_cv,0.1929727683225335,0.0
1000m,1000m_style_cluster,mean_position,0.16347903989250218,0.0
1000m,1000m_style_cluster,start_ratio_to_mean,0.1479012029454596,0.0
1000m,1000m_style_cluster,position_stability_score,0.13276556349059276,0.0
1000m,1000m_risk_detection,position_range,0.3348907415865115,0.0
1000m,1000m_risk_detection,position_std,0.3243059550675404,0.0
1000m,1000m_risk_detection,lap_time_delta_std,0.31321221913258623,0.0
1000m,1000m_risk_detection,reconstructed_total_time,0.2809228668943276,0.0
1000m,1000m_risk_detection,mean_lap_time,0.28092270654127405,0.0
1000m,1000m_risk_detection,official_total_time_filled,0.2809012181019765,0.0
1000m,1000m_risk_detection,lap_time_std,0.26433106633503267,0.0
1000m,1000m_risk_detection,lap_time_range,0.24657274156515524,0.0
1000m,1000m_risk_detection,lap_time_cv,0.24568653823595135,0.0
1000m,1000m_risk_detection,final_position,0.21886776279091635,0.0
1000m,1000m_risk_detection,negative_position_loss_sum,0.17756147117617366,0.0
1000m,1000m_risk_detection,position_gain_total,0.14805043735286497,0.0
1000m,1000m_risk_detection,finish_vs_mid_delta,0.10822462577899958,0.0
1000m,1000m_risk_detection,position_loss_events_count,0.08716416132669684,0.0
1000m,1000m_risk_detection,finish_vs_previous_delta,0.08069477619698404,0.0
1500m,1500m_advancement,finish_vs_previous_delta,0.013621794871794823,0.0023150288225641143
1500m,1500m_advancement,lap13_time,0.012319711538461509,0.0014426013421786942
1500m,1500m_advancement,lap11_position,0.011785523504273476,0.0011346584847733965
1500m,1500m_advancement,lap12_position,0.011752136752136683,0.0035421440197315364
1500m,1500m_advancement,lap14_time_delta_from_previous,0.011518429487179405,0.001787672747092363
1500m,1500m_advancement,lap13_position,0.011418269230769162,0.0014336879376057787
1500m,1500m_advancement,late_lap_mean_time,0.011017628205128166,0.0019410312304685856
1500m,1500m_advancement,slowest_lap_time,0.01018295940170938,0.0017033788753771859
1500m,1500m_advancement,lap10_position,0.010149572649572614,0.0026609052944940705
1500m,1500m_advancement,long_pace_late_mean_lap11_14,0.010082799145299082,0.0011813438844120174
1500m,1500m_advancement,lap14_position,0.009915865384615336,0.0031438551429959533
1500m,1500m_advancement,lap13_time_delta_from_previous,0.009882478632478542,0.0007729591948978153
1500m,1500m_advancement,mean_position,0.009748931623931562,0.0007729591948978632
1500m,1500m_advancement,finish_vs_mid_delta,0.00944845085470078,0.0008360032068341777
1500m,1500m_advancement,best_position,0.008213141025641024,0.0020721314969527915
1500m,1500m_advancement,lap14_time,0.008079594017093988,0.0021994750389958315
1500m,1500m_advancement,mid_energy_saving_delta,0.007912660256410214,0.002191097023174333
1500m,1500m_advancement,final_position,0.007712339743589702,0.003917932162556661
1500m,1500m_advancement,lap_time_delta_std,0.0075787927350426665,0.0018965908702889903
1500m,1500m_advancement,positive_position_gain_sum,0.007211538461538408,0.0018090567820705336
1500m,1500m_advancement,lap12_time_delta_from_previous,0.007144764957264932,0.0008095857140078858
1500m,1500m_advancement,lap_time_cv,0.007144764957264904,0.0007345085470085267
1500m,1500m_advancement,lap_time_std,0.006744123931623852,0.0020176208506594868
1500m,1500m_advancement,back_end_capacity_lap11_14_vs_mid,0.00651041666666663,0.0007517581630073466
1500m,1500m_advancement,late_position_gain_lap10_14,0.006376869658119566,0.0014395072874806832
1500m,1500m_advancement,lap9_position,0.0063434829059828,0.0013894666163651922
1500m,1500m_advancement,lap4_time_delta_from_previous,0.006243322649572641,0.0007517581630072985
1500m,1500m_advancement,lap_time_range,0.005942841880341804,0.0014274544822671167
1500m,1500m_advancement,position_gain_total,0.005909455128205066,0.001959037206487781
1500m,1500m_advancement,lap2_time_delta_from_previous,0.005775908119658113,0.001485241481005292
1500m,1500m_advancement,overtake_events_count,0.0056089743589742835,0.0014101704114545483
1500m,1500m_advancement,fastest_lap_time,0.005542200854700752,0.0013894666163651922
1500m,1500m_advancement,lap3_time_delta_from_previous,0.005408653846153827,0.0007345085470085393
1500m,1500m_advancement,lap4_time,0.0050747863247862235,0.001133183944209246
1500m,1500m_advancement,lap3_time,0.005074786324786196,0.0
1500m,1500m_advancement,lap10_time,0.005041399572649485,0.002071862511231323
1500m,1500m_advancement,finish_ratio_to_mean,0.004707532051281937,0.0017851768676943008
1500m,1500m_advancement,lap12_time,0.004707532051281937,0.0013794022609584563
1500m,1500m_advancement,lap5_time_delta_from_previous,0.0046741452991451715,0.0006939306120067593
1500m,1500m_advancement,lap6_time_delta_from_previous,0.004640758547008433,0.0007517581630072985
1500m,1500m_advancement,position_stability_score,0.004573985042735013,0.0007152873025383626
1500m,1500m_advancement,lap2_time,0.004206730769230671,0.0008680555555555247
1500m,1500m_advancement,lap7_time_delta_from_previous,0.004173344017093988,0.0018368782990757344
1500m,1500m_advancement,position_std,0.00413995726495725,0.000801282051282104
1500m,1500m_advancement,lap13_position_gain_from_previous,0.004106570512820512,0.0008360032068342332
1500m,1500m_advancement,reconstructed_total_time,0.003839476495726385,0.0007152873025383341
1500m,1500m_advancement,lap8_position,0.003806089743589647,0.0007345085470085267
1500m,1500m_advancement,pace_layering_range,0.0037393162393161983,0.0014101704114545034
1500m,1500m_advancement,mean_lap_time,0.0037393162393161983,0.0006939306120068074
1500m,1500m_advancement,lap7_time,0.003705929487179488,0.0013794022609584637
1500m,1500m_advancement,median_lap_time,0.00370592948717946,0.0018465620738548085
1500m,1500m_advancement,lap5_time,0.0034054487179486226,0.0011813438844119769
1500m,1500m_advancement,lap11_time,0.0033720619658118844,5.7827551000539236e-05
1500m,1500m_advancement,lap1_time,0.0033386752136751463,0.0012276159395599347
1500m,1500m_advancement,lap9_time,0.0033386752136751463,0.0011832295103277885
1500m,1500m_advancement,official_total_time_filled,0.003305288461538408,5.7827551000539236e-05
1500m,1500m_advancement,long_pace_mid_mean_lap6_10,0.003305288461538408,0.0012289771847826716
1500m,1500m_advancement,lap6_position,0.0030381944444443643,0.001439507287480633
1500m,1500m_advancement,lap4_position,0.0030381944444443365,0.0007517581630072985
1500m,1500m_advancement,lap10_position_gain_from_previous,0.002938034188034122,0.0006939306120067593
1500m,1500m_advancement,lap9_time_delta_from_previous,0.0029046474358974117,0.0021788533118335643
1500m,1500m_advancement,mid_lap_mean_time,0.002904647435897384,0.001439507287480591
1500m,1500m_advancement,lap8_time,0.002604166666666602,0.0019410312304685357
1500m,1500m_advancement,lap8_time_delta_from_previous,0.0025707799145298638,0.0018075157162979884
1500m,1500m_advancement,early_lap_mean_time,0.002570779914529836,0.0018965908702889163
1500m,1500m_advancement,position_range,0.002537393162393098,0.0018815441778318699
1500m,1500m_advancement,lap11_time_delta_from_previous,0.0025040064102563597,0.0018965908702889163
1500m,1500m_advancement,start_ratio_to_mean,0.0024706196581196216,0.0008680555555555247
1500m,1500m_advancement,lap3_position,0.00220352564102555,0.0007345085470085267
1500m,1500m_advancement,lap8_position_gain_from_previous,0.002170138888888812,0.0007517581630072985
1500m,1500m_advancement,lap10_time_delta_from_previous,0.0021367521367520736,0.0014101704114544797
1500m,1500m_advancement,negative_position_loss_sum,0.0021033653846153355,0.0007152873025383341
1500m,1500m_advancement,lap12_position_gain_from_previous,0.0020365918803418592,0.0007517581630072985
1500m,1500m_advancement,lap7_position_gain_from_previous,0.0017361111111110494,0.0
1500m,1500m_advancement,worst_position,0.0017361111111110494,0.0
1500m,1500m_advancement,lap6_position_gain_from_previous,0.0017361111111110494,0.0
1500m,1500m_advancement,lap7_position,0.0017027243589743113,0.0012289771847826716
1500m,1500m_advancement,start_position,0.0017027243589743113,0.0016366320751570501
1500m,1500m_advancement,lap2_position_gain_from_previous,0.0017027243589743113,0.00011073132980615684
1500m,1500m_advancement,lap5_position,0.0017027243589743113,0.0012289771847826716
1500m,1500m_advancement,attack_gain_lap10_12,0.0016693376068375732,0.0011813438844119769
1500m,1500m_advancement,lap14_position_gain_from_previous,0.0016025641025640969,0.0
1500m,1500m_advancement,lap6_time,0.001302083333333287,0.0007517581630072985
1500m,1500m_advancement,lap5_position_gain_from_previous,0.001302083333333287,0.0007517581630072985
1500m,1500m_advancement,long_pace_early_mean_lap2_5,0.001268696581196549,0.0013894666163651412
1500m,1500m_advancement,lap2_position,0.0008680555555555247,0.0008680555555555247
1500m,1500m_advancement,position_loss_events_count,0.0008012820512820484,0.0008012820512820484
1500m,1500m_advancement,lap3_position_gain_from_previous,0.0,0.0
1500m,1500m_advancement,lap11_position_gain_from_previous,0.0,0.0
1500m,1500m_advancement,lap4_position_gain_from_previous,0.0,0.0
1500m,1500m_advancement,lap9_position_gain_from_previous,0.0,0.0
1500m,1500m_advancement,lap1_position,-0.0004006410256410242,0.0006939306120067593
1500m,1500m_grade,lap_time_cv,0.05269114095661992,0.004495639651228429
1500m,1500m_grade,lap_time_std,0.04740920294501713,0.005352168610835705
1500m,1500m_grade,pace_layering_range,0.024513063167309862,0.003502670700811972
1500m,1500m_grade,lap7_time_delta_from_previous,0.022861019325536885,0.004568153963142227
1500m,1500m_grade,finish_vs_mid_delta,0.02056794224246597,0.0018691453611841455
1500m,1500m_grade,lap13_time_delta_from_previous,0.019238487916303948,0.0036347868969161677
1500m,1500m_grade,mid_energy_saving_delta,0.019021743960527332,0.0013950495672283409
1500m,1500m_grade,lap_time_range,0.01802556749916054,0.0014428378327136112
1500m,1500m_grade,lap12_time_delta_from_previous,0.01755294967460347,0.0028880302029359916
1500m,1500m_grade,lap5_time_delta_from_previous,0.014599683752137604,0.004477686499373757
1500m,1500m_grade,back_end_capacity_lap11_14_vs_mid,0.013251623597824391,0.0016635938273110544
1500m,1500m_grade,lap3_time_delta_from_previous,0.012930850153951401,0.002081514697849113
1500m,1500m_grade,lap8_time_delta_from_previous,0.012342965217010615,0.0007303726261952451
1500m,1500m_grade,lap9_time_delta_from_previous,0.011849222074042182,0.001169802685342148
1500m,1500m_grade,lap_time_delta_std,0.011352109548930928,0.001332057547971406
1500m,1500m_grade,lap2_time_delta_from_previous,0.011316128565765277,0.002141291489783015
1500m,1500m_grade,finish_ratio_to_mean,0.011258103094364563,0.004119584597317853
1500m,1500m_grade,lap6_time_delta_from_previous,0.010601822025682217,0.0018284147810840947
1500m,1500m_grade,lap11_time_delta_from_previous,0.01028963954133097,0.0013844894075856532
1500m,1500m_grade,lap4_time_delta_from_previous,0.009275102693660942,0.0014996937288775543
1500m,1500m_grade,start_ratio_to_mean,0.009244790130593289,0.0008534212346039506
1500m,1500m_grade,lap10_time_delta_from_previous,0.007128902020643563,0.0013781327973745928
1500m,1500m_grade,lap14_time_delta_from_previous,0.00551607642124885,0.00218932319989895
1500m,1500m_grade,lap14_position,0.0050403237698632974,0.00122003204631713
1500m,1500m_grade,lap12_position,0.004996121721896535,0.002648348162283757
1500m,1500m_grade,finish_vs_previous_delta,0.0038327902074720144,0.0007265313790138018
1500m,1500m_grade,lap11_position_gain_from_previous,0.0033783783783783994,0.0
1500m,1500m_grade,negative_position_loss_sum,0.0029560810810811133,0.0007314403748179185
1500m,1500m_grade,position_gain_total,0.0029560810810811133,0.0007314403748179185
1500m,1500m_grade,position_loss_events_count,0.0025337837837838273,0.0008445945945945721
1500m,1500m_grade,position_stability_score,0.0025337837837838273,0.0008445945945945721
1500m,1500m_grade,late_position_gain_lap10_14,0.0025337837837838273,0.0008445945945945721
1500m,1500m_grade,lap5_position_gain_from_previous,0.0025337837837838273,0.0008445945945945721
1500m,1500m_grade,lap13_position,0.00250705610673968,0.0008721417536696718
1500m,1500m_grade,lap6_position_gain_from_previous,0.0021114864864865412,0.0007314403748179185
1500m,1500m_grade,attack_gain_lap10_12,0.0021114864864865412,0.0007314403748179185
1500m,1500m_grade,lap14_position_gain_from_previous,0.0021114864864865135,0.001400601685116305
1500m,1500m_grade,lap9_position,0.0016891891891892552,0.0
1500m,1500m_grade,lap8_position,0.0016891891891892552,0.0
1500m,1500m_grade,lap6_position,0.0016891891891892552,0.0
1500m,1500m_grade,lap7_position,0.0016891891891892552,0.0
1500m,1500m_grade,lap2_position,0.0016891891891892552,0.0
1500m,1500m_grade,lap4_position,0.0016891891891892552,0.0
1500m,1500m_grade,lap1_position,0.0016891891891892552,0.0
1500m,1500m_grade,position_std,0.0016891891891892552,0.0
1500m,1500m_grade,lap5_position,0.0016891891891892274,0.001194437130382689
1500m,1500m_grade,lap3_position,0.0016891891891892274,0.001194437130382689
1500m,1500m_grade,positive_position_gain_sum,0.0016891891891892274,0.001194437130382689
1500m,1500m_grade,lap3_position_gain_from_previous,0.0016891891891892274,0.001194437130382689
1500m,1500m_grade,lap11_position,0.001635733835100961,0.0011572559470952833
1500m,1500m_grade,lap10_position_gain_from_previous,0.0012668918918919414,0.0007314403748179667
1500m,1500m_grade,overtake_events_count,0.0012668918918919414,0.0007314403748179667
1500m,1500m_grade,lap8_position_gain_from_previous,0.0012668918918919414,0.0007314403748179666
1500m,1500m_grade,lap10_position,0.0008445945945946276,0.0008445945945946276
1500m,1500m_grade,position_range,0.0004222972972973138,0.0007314403748179666
1500m,1500m_grade,lap2_position_gain_from_previous,0.0004222972972973138,0.0007314403748179667
1500m,1500m_grade,lap7_position_gain_from_previous,0.0004222972972973138,0.0007314403748179666
1500m,1500m_grade,lap13_position_gain_from_previous,0.0004222972972973138,0.0007314403748179667
1500m,1500m_grade,lap9_position_gain_from_previous,0.0004222972972973138,0.0007314403748179667
1500m,1500m_grade,lap4_position_gain_from_previous,0.0,0.0
1500m,1500m_grade,lap12_position_gain_from_previous,0.0,0.0
1500m,1500m_max_round,lap11_time_delta_from_previous,0.003221711219699136,0.000490944106453796
1500m,1500m_max_round,lap6_time_delta_from_previous,0.0029382645076809766,0.0
1500m,1500m_max_round,lap1_time,0.002087924371626637,0.0006825973908542247
1500m,1500m_max_round,long_pace_mid_mean_lap6_10,0.0020879243716265816,0.0004909441064537479
1500m,1500m_max_round,mid_lap_mean_time,0.002024049056242344,0.0007813617468912514
1500m,1500m_max_round,lap12_time_delta_from_previous,0.0019508585906977127,0.00040419989055010637
1500m,1500m_max_round,lap13_time_delta_from_previous,0.0018563763533583078,0.0008978384375553708
1500m,1500m_max_round,lap7_time_delta_from_previous,0.0018563763533583078,0.0008978384375553708
1500m,1500m_max_round,lap4_time_delta_from_previous,0.001740602344224157,0.0009435807871084634
1500m,1500m_max_round,lap8_time_delta_from_previous,0.0016887036504743547,0.000514901879888153
1500m,1500m_max_round,finish_ratio_to_mean,0.0016887036504743547,0.000514901879888153
1500m,1500m_max_round,lap4_time,0.001688703650474327,0.0010310952345081437
1500m,1500m_max_round,lap10_time,0.001688703650474327,0.0006483988542512137
1500m,1500m_max_round,lap14_time,0.0015706008538000915,0.0009587673360926196
1500m,1500m_max_round,long_pace_early_mean_lap2_5,0.0015210309475903183,0.0004909441064537479
1500m,1500m_max_round,lap9_time_delta_from_previous,0.0013533582447063652,0.0007020271125060067
1500m,1500m_max_round,lap12_time,0.0013437104106119035,0.00047096237565574914
1500m,1500m_max_round,lap_time_range,0.0013413816230718467,0.0
1500m,1500m_max_round,lap_time_delta_std,0.0013413816230718467,0.0
1500m,1500m_max_round,lap5_time,0.0013014595509565907,0.0002904176404374074
1500m,1500m_max_round,back_end_capacity_lap11_14_vs_mid,0.0012894829293220444,0.0007372840444103232
1500m,1500m_max_round,lap11_time,0.0012375842355721867,0.0005668934240362633
1500m,1500m_max_round,reconstructed_total_time,0.0012375842355721867,0.0005668934240362633
1500m,1500m_max_round,positive_position_gain_sum,0.0012352554480321298,0.000738792299759369
1500m,1500m_max_round,lap3_time,0.00118568554182244,0.0008766417994149042
1500m,1500m_max_round,official_total_time_filled,0.0011737089201878659,0.0002904176404374554
1500m,1500m_max_round,lap13_time,0.001171380132647809,0.0005526002324990449
1500m,1500m_max_round,late_lap_mean_time,0.001006036217303885,0.0003353454057679617
1500m,1500m_max_round,finish_vs_mid_delta,0.000954137523554055,0.0004909441064537479
1500m,1500m_max_round,mid_energy_saving_delta,0.000954137523554055,0.0004909441064537479
1500m,1500m_max_round,finish_vs_previous_delta,0.0008383635144199042,0.00029041764043745546
1500m,1500m_max_round,pace_layering_range,0.0008383635144199042,0.00029041764043745546
1500m,1500m_max_round,slowest_lap_time,0.0008383635144199042,0.0005561074430509062
1500m,1500m_max_round,long_pace_late_mean_lap11_14,0.0008360347268798474,0.00028638406209804365
1500m,1500m_max_round,lap5_time_delta_from_previous,0.0007345661269202997,0.0004643333444651937
1500m,1500m_max_round,mean_lap_time,0.0006706908115359234,0.0
1500m,1500m_max_round,lap10_time_delta_from_previous,0.0006706908115359234,0.0
1500m,1500m_max_round,median_lap_time,0.0006706908115359234,0.0
1500m,1500m_max_round,lap_time_cv,0.0006706908115359234,0.00047425002091656016
1500m,1500m_max_round,lap5_position_gain_from_previous,0.0006706908115359234,0.0
1500m,1500m_max_round,lap9_time,0.0006706908115359234,0.0
1500m,1500m_max_round,lap8_position,0.0006706908115359234,0.0
1500m,1500m_max_round,lap9_position,0.0006706908115359234,0.0
1500m,1500m_max_round,lap6_time,0.0006706908115359234,0.00047425002091656016
1500m,1500m_max_round,final_position,0.000510004471272113,0.0005526002324990449
1500m,1500m_max_round,lap14_time_delta_from_previous,0.0005030181086519425,0.00029041764043745546
1500m,1500m_max_round,position_loss_events_count,0.0005030181086519425,0.00029041764043745546
1500m,1500m_max_round,overtake_events_count,0.0005030181086519425,0.00029041764043745546
1500m,1500m_max_round,start_ratio_to_mean,0.0005030181086519425,0.0002904176404374554
1500m,1500m_max_round,best_position,0.0005030181086519425,0.00029041764043745546
1500m,1500m_max_round,early_lap_mean_time,0.0005030181086519425,0.0005561074430509062
1500m,1500m_max_round,lap13_position,0.0005030181086519425,0.0005561074430509062
1500m,1500m_max_round,lap3_time_delta_from_previous,0.0005030181086519425,0.00029041764043745546
1500m,1500m_max_round,mean_position,0.0005030181086519425,0.0005561074430509062
1500m,1500m_max_round,lap6_position,0.0005030181086519425,0.00029041764043745546
1500m,1500m_max_round,lap2_time,0.0005030181086519425,0.00029041764043745546
1500m,1500m_max_round,lap7_time,0.0003353454057679617,0.0003353454057679617
1500m,1500m_max_round,lap5_position,0.0003353454057679617,0.0003353454057679617
1500m,1500m_max_round,lap2_time_delta_from_previous,0.0003353454057679617,0.0003353454057679617
1500m,1500m_max_round,lap4_position,0.0003353454057679617,0.0003353454057679617
1500m,1500m_max_round,lap14_position,0.0003353454057679617,0.0003353454057679617
1500m,1500m_max_round,fastest_lap_time,0.0003353454057679617,0.0005808352808749109
1500m,1500m_max_round,worst_position,0.0003353454057679617,0.0003353454057679617
1500m,1500m_max_round,position_std,0.0003353454057679617,0.0003353454057679617
1500m,1500m_max_round,lap_time_std,0.0002834467120181594,0.000490944106453796
1500m,1500m_max_round,lap2_position,0.00016767270288398084,0.00029041764043745546
1500m,1500m_max_round,lap3_position,0.00016767270288398084,0.00029041764043745546
1500m,1500m_max_round,lap1_position,0.00016767270288398084,0.00029041764043745546
1500m,1500m_max_round,attack_gain_lap10_12,0.00016767270288398084,0.00029041764043745546
1500m,1500m_max_round,lap12_position,0.00016767270288398084,0.00029041764043745546
1500m,1500m_max_round,lap3_position_gain_from_previous,0.00016767270288398084,0.00029041764043745546
1500m,1500m_max_round,lap2_position_gain_from_previous,0.00016767270288398084,0.00029041764043745546
1500m,1500m_max_round,negative_position_loss_sum,0.00016767270288398084,0.00029041764043745546
1500m,1500m_max_round,lap10_position,0.0,0.0
1500m,1500m_max_round,lap7_position,0.0,0.0
1500m,1500m_max_round,lap8_time,0.0,0.0
1500m,1500m_max_round,lap11_position,0.0,0.0
1500m,1500m_max_round,start_position,0.0,0.0
1500m,1500m_max_round,position_range,0.0,0.0
1500m,1500m_max_round,position_gain_total,0.0,0.0
1500m,1500m_max_round,position_stability_score,0.0,0.0
1500m,1500m_max_round,lap4_position_gain_from_previous,0.0,0.0
1500m,1500m_max_round,lap6_position_gain_from_previous,0.0,0.0
1500m,1500m_max_round,lap7_position_gain_from_previous,0.0,0.0
1500m,1500m_max_round,lap14_position_gain_from_previous,0.0,0.0
1500m,1500m_max_round,lap13_position_gain_from_previous,0.0,0.0
1500m,1500m_max_round,lap12_position_gain_from_previous,0.0,0.0
1500m,1500m_max_round,lap11_position_gain_from_previous,0.0,0.0
1500m,1500m_max_round,lap10_position_gain_from_previous,0.0,0.0
1500m,1500m_max_round,lap9_position_gain_from_previous,0.0,0.0
1500m,1500m_max_round,lap8_position_gain_from_previous,0.0,0.0
1500m,1500m_max_round,late_position_gain_lap10_14,0.0,0.0
1500m,1500m_final_entry,lap4_time_delta_from_previous,0.018427870437803723,0.0032875814076329334
1500m,1500m_final_entry,lap14_time,0.014234291240344282,0.00445452192452821
1500m,1500m_final_entry,lap12_time,0.011736052245131856,0.0019288300783067676
1500m,1500m_final_entry,finish_vs_mid_delta,0.011594276435965056,0.0008054011436149961
1500m,1500m_final_entry,lap12_time_delta_from_previous,0.010934645829104889,0.0024758326510713876
1500m,1500m_final_entry,lap13_time_delta_from_previous,0.009897443856779542,0.001961803138229642
1500m,1500m_final_entry,lap14_time_delta_from_previous,0.009567628553349444,0.000927258600608522
1500m,1500m_final_entry,lap13_time,0.008625938705094371,0.00232583007829676
1500m,1500m_final_entry,finish_ratio_to_mean,0.008436406833892435,0.0011803739329868679
1500m,1500m_final_entry,lap13_position,0.007493224608698779,0.0020923758024958493
1500m,1500m_final_entry,positive_position_gain_sum,0.00721116536730379,0.00296979261066459
1500m,1500m_final_entry,lap11_position,0.007069389558137018,0.0017910879820039244
1500m,1500m_final_entry,start_ratio_to_mean,0.00673957425470692,0.0038481870458251565
1500m,1500m_final_entry,long_pace_late_mean_lap11_14,0.006599290822478787,0.004234532715246459
1500m,1500m_final_entry,back_end_capacity_lap11_14_vs_mid,0.006457515013311987,0.0005712568626546268
1500m,1500m_final_entry,late_lap_mean_time,0.006315739204145188,0.0016678499136981422
1500m,1500m_final_entry,median_lap_time,0.0059381678386800085,0.0014632320187632805
1500m,1500m_final_entry,finish_vs_previous_delta,0.005844148091548318,0.0
1500m,1500m_final_entry,lap9_time_delta_from_previous,0.005608352535249939,0.0010183436100470534
1500m,1500m_final_entry,pace_layering_range,0.005608352535249911,0.001288089892712441
1500m,1500m_final_entry,lap_time_delta_std,0.005372556978951504,0.0013094942214756135
1500m,1500m_final_entry,lap_time_range,0.005278537231819813,0.0009796667463624837
1500m,1500m_final_entry,fastest_lap_time,0.005184517484688178,0.0021182102429284067
1500m,1500m_final_entry,negative_position_loss_sum,0.004948721928389743,0.0009555035857646288
1500m,1500m_final_entry,lap14_position,0.0049009658663546896,0.0
1500m,1500m_final_entry,final_position,0.0049009658663546896,0.0
1500m,1500m_final_entry,mean_position,0.004712926372091336,0.0008108703441284804
1500m,1500m_final_entry,mean_lap_time,0.004618906624959673,0.0008054011436149897
1500m,1500m_final_entry,lap6_time,0.004618906624959673,0.0008054011436149897
1500m,1500m_final_entry,lap10_position,0.0043831110686612385,0.0009272586006085263
1500m,1500m_final_entry,lap_time_cv,0.004289091321529603,0.0012880898927124073
1500m,1500m_final_entry,lap7_time,0.0040532957652311685,0.0013094942214755855
1500m,1500m_final_entry,slowest_lap_time,0.004005539703196087,0.000955503585764641
1500m,1500m_final_entry,lap_time_std,0.0039592760180995334,0.0009796667463624837
1500m,1500m_final_entry,lap5_time_delta_from_previous,0.0039115199560643965,0.0016987229203942026
1500m,1500m_final_entry,lap12_position,0.0036757243997659894,0.0014632320187632805
1500m,1500m_final_entry,lap6_time_delta_from_previous,0.0036757243997659894,0.0008054011436149961
1500m,1500m_final_entry,best_position,0.0036757243997659894,0.0008054011436149962
1500m,1500m_final_entry,mid_lap_mean_time,0.0035817046526343543,0.0013192612137203352
1500m,1500m_final_entry,lap4_position,0.003581704652634299,0.0
1500m,1500m_final_entry,lap10_time,0.003581704652634299,0.0015997890977071155
1500m,1500m_final_entry,overtake_events_count,0.0034876849055026637,0.001463232018763234
1500m,1500m_final_entry,long_pace_mid_mean_lap6_10,0.0034399288434675546,0.0021713561349099926
1500m,1500m_final_entry,lap5_time,0.0033936651583710287,0.0011312217194570096
1500m,1500m_final_entry,lap2_position,0.003251889349204229,0.0005712568626546268
1500m,1500m_final_entry,start_position,0.003251889349204229,0.0005712568626546268
1500m,1500m_final_entry,lap1_position,0.003251889349204229,0.0005712568626546268
1500m,1500m_final_entry,lap4_time,0.003157869602072594,0.0009555035857646288
1500m,1500m_final_entry,long_pace_early_mean_lap2_5,0.0031101135400374846,0.0013094942214756135
1500m,1500m_final_entry,lap11_time,0.003016093792905794,0.0009796667463624837
1500m,1500m_final_entry,position_gain_total,0.003016093792905794,0.0009796667463624837
1500m,1500m_final_entry,lap10_time_delta_from_previous,0.002922074045774159,0.0006596306068601399
1500m,1500m_final_entry,lap5_position,0.002922074045774159,0.0006596306068601399
1500m,1500m_final_entry,position_range,0.002922074045774159,0.0012255858827726544
1500m,1500m_final_entry,worst_position,0.002922074045774159,0.0006596306068601399
1500m,1500m_final_entry,lap8_position,0.002828054298642524,0.0009796667463624837
1500m,1500m_final_entry,lap3_time_delta_from_previous,0.002780298236607387,0.001533683621546568
1500m,1500m_final_entry,lap2_time,0.0024504829331772893,0.0011312217194570096
1500m,1500m_final_entry,position_stability_score,0.002356463186045654,0.001463232018763234
1500m,1500m_final_entry,attack_gain_lap10_12,0.002356463186045654,0.0008054011436149897
1500m,1500m_final_entry,lap11_time_delta_from_previous,0.002262443438914019,0.0027709159986234948
1500m,1500m_final_entry,lap3_position,0.002262443438914019,0.0
1500m,1500m_final_entry,lap14_position_gain_from_previous,0.002262443438914019,0.0
1500m,1500m_final_entry,lap8_time_delta_from_previous,0.002120667629747247,0.0013153074117543259
1500m,1500m_final_entry,lap2_time_delta_from_previous,0.002120667629747247,0.0013153074117543259
1500m,1500m_final_entry,lap9_time,0.0020266478826155843,0.0016510977530881724
1500m,1500m_final_entry,lap6_position,0.0020266478826155843,0.0012880898927124073
1500m,1500m_final_entry,lap8_time,0.0020266478826155843,0.0010183436100470301
1500m,1500m_final_entry,reconstructed_total_time,0.0018848720734488122,0.0017020341440425921
1500m,1500m_final_entry,lap7_time_delta_from_previous,0.0018848720734487845,0.0009796667463624837
1500m,1500m_final_entry,lap1_time,0.001838608388352314,0.0009555035857646287
1500m,1500m_final_entry,position_std,0.0017908523263171494,0.0013094942214755855
1500m,1500m_final_entry,position_loss_events_count,0.0016968325791855143,0.0009796667463624837
1500m,1500m_final_entry,lap3_time,0.0016968325791855143,0.0018759189990697896
1500m,1500m_final_entry,lap9_position_gain_from_previous,0.0013192612137202797,0.0
1500m,1500m_final_entry,lap13_position_gain_from_previous,0.0013192612137202797,0.0
1500m,1500m_final_entry,lap11_position_gain_from_previous,0.0009894459102902098,0.0005712568626546269
1500m,1500m_final_entry,mid_energy_saving_delta,0.0008954261631585747,0.0009555035857646288
1500m,1500m_final_entry,lap7_position,0.0006596306068601399,0.0006596306068601399
1500m,1500m_final_entry,early_lap_mean_time,0.0006596306068601399,0.0006596306068601399
1500m,1500m_final_entry,late_position_gain_lap10_14,0.0006596306068601399,0.0006596306068601399
1500m,1500m_final_entry,official_total_time_filled,0.00032981530343006993,0.0005712568626546269
1500m,1500m_final_entry,lap9_position,0.00032981530343006993,0.0005712568626546268
1500m,1500m_final_entry,lap3_position_gain_from_previous,0.00032981530343006993,0.0005712568626546268
1500m,1500m_final_entry,lap6_position_gain_from_previous,0.0,0.0
1500m,1500m_final_entry,lap5_position_gain_from_previous,0.0,0.0
1500m,1500m_final_entry,lap4_position_gain_from_previous,0.0,0.0
1500m,1500m_final_entry,lap2_position_gain_from_previous,0.0,0.0
1500m,1500m_final_entry,lap12_position_gain_from_previous,0.0,0.0
1500m,1500m_final_entry,lap7_position_gain_from_previous,0.0,0.0
1500m,1500m_final_entry,lap8_position_gain_from_previous,0.0,0.0
1500m,1500m_final_entry,lap10_position_gain_from_previous,0.0,0.0
1500m,1500m_tactical_style,positive_position_gain_sum,0.318435047951177,0.02257962308297381
1500m,1500m_tactical_style,position_range,0.21330536181342633,0.041239805771055946
1500m,1500m_tactical_style,negative_position_loss_sum,0.137909523497234,0.03849826447981882
1500m,1500m_tactical_style,lap1_position,0.10500000000000001,0.021794494717703353
1500m,1500m_tactical_style,position_std,0.013200114187839007,0.0034770056348320984
1500m,1500m_tactical_style,position_stability_score,0.008167285184127931,0.0012548036890433023
1500m,1500m_tactical_style,position_gain_total,0.00437663469921537,0.0011253824732864032
1500m,1500m_tactical_style,lap5_position,0.0020270270270270063,0.001170304599708689
1500m,1500m_tactical_style,lap13_position,0.0014102198115900355,0.00020766809568345125
1500m,1500m_tactical_style,lap6_position,0.001327433628318636,0.0007663941626411263
1500m,1500m_tactical_style,lap14_position,0.0009677419354838235,0.0005587260669576749
1500m,1500m_tactical_style,lap10_position,0.0009677419354838235,0.0005587260669576749
1500m,1500m_tactical_style,lap8_position,0.0008849557522124241,0.0008849557522124241
1500m,1500m_tactical_style,lap7_position,0.00044247787610621203,0.0007663941626411261
1500m,1500m_tactical_style,lap11_position,0.0,0.0
1500m,1500m_tactical_style,lap12_position,0.0,0.0
1500m,1500m_tactical_style,lap4_position,0.0,0.0
1500m,1500m_tactical_style,lap3_position,0.0,0.0
1500m,1500m_tactical_style,lap2_position,0.0,0.0
1500m,1500m_tactical_style,lap9_position,0.0,0.0
1500m,1500m_tactical_style,lap_time_std,0.0,0.0
1500m,1500m_tactical_style,finish_vs_previous_delta,0.0,0.0
1500m,1500m_tactical_style,finish_vs_mid_delta,0.0,0.0
1500m,1500m_tactical_style,finish_ratio_to_mean,0.0,0.0
1500m,1500m_tactical_style,start_ratio_to_mean,0.0,0.0
1500m,1500m_tactical_style,lap_time_range,0.0,0.0
1500m,1500m_tactical_style,lap_time_cv,0.0,0.0
1500m,1500m_tactical_style,position_loss_events_count,0.0,0.0
1500m,1500m_tactical_style,overtake_events_count,0.0,0.0
1500m,1500m_tactical_style,lap_time_delta_std,0.0,0.0
1500m,1500m_tactical_style,lap2_time_delta_from_previous,0.0,0.0
1500m,1500m_tactical_style,lap3_time_delta_from_previous,0.0,0.0
1500m,1500m_tactical_style,lap4_time_delta_from_previous,0.0,0.0
1500m,1500m_tactical_style,lap5_time_delta_from_previous,0.0,0.0
1500m,1500m_tactical_style,lap6_time_delta_from_previous,0.0,0.0
1500m,1500m_tactical_style,lap7_time_delta_from_previous,0.0,0.0
1500m,1500m_tactical_style,lap8_time_delta_from_previous,0.0,0.0
1500m,1500m_tactical_style,lap9_time_delta_from_previous,0.0,0.0
1500m,1500m_tactical_style,lap10_time_delta_from_previous,0.0,0.0
1500m,1500m_tactical_style,lap11_time_delta_from_previous,0.0,0.0
1500m,1500m_tactical_style,lap12_time_delta_from_previous,0.0,0.0
1500m,1500m_tactical_style,lap13_time_delta_from_previous,0.0,0.0
1500m,1500m_tactical_style,lap14_time_delta_from_previous,0.0,0.0
1500m,1500m_tactical_style,lap2_position_gain_from_previous,0.0,0.0
1500m,1500m_tactical_style,lap3_position_gain_from_previous,0.0,0.0
1500m,1500m_tactical_style,lap4_position_gain_from_previous,0.0,0.0
1500m,1500m_tactical_style,lap5_position_gain_from_previous,0.0,0.0
1500m,1500m_tactical_style,lap6_position_gain_from_previous,0.0,0.0
1500m,1500m_tactical_style,lap7_position_gain_from_previous,0.0,0.0
1500m,1500m_tactical_style,lap8_position_gain_from_previous,0.0,0.0
1500m,1500m_tactical_style,lap9_position_gain_from_previous,0.0,0.0
1500m,1500m_tactical_style,lap10_position_gain_from_previous,0.0,0.0
1500m,1500m_tactical_style,lap11_position_gain_from_previous,0.0,0.0
1500m,1500m_tactical_style,lap12_position_gain_from_previous,0.0,0.0
1500m,1500m_tactical_style,lap13_position_gain_from_previous,0.0,0.0
1500m,1500m_tactical_style,lap14_position_gain_from_previous,0.0,0.0
1500m,1500m_tactical_style,mid_energy_saving_delta,0.0,0.0
1500m,1500m_tactical_style,pace_layering_range,0.0,0.0
1500m,1500m_tactical_style,attack_gain_lap10_12,0.0,0.0
1500m,1500m_tactical_style,back_end_capacity_lap11_14_vs_mid,0.0,0.0
1500m,1500m_tactical_style,late_position_gain_lap10_14,0.0,0.0
1500m,1500m_key_lap,lap4_position_gain_from_previous,0.05246352006700558,0.005539642953768951
1500m,1500m_key_lap,lap10_position_gain_from_previous,0.05173873301234039,0.005142001649480235
1500m,1500m_key_lap,lap8_position_gain_from_previous,0.042784487682049205,0.004758233486094237
1500m,1500m_key_lap,lap7_position_gain_from_previous,0.037716698590559844,0.004618048583413683
1500m,1500m_key_lap,lap5_position_gain_from_previous,0.03414457000411586,0.0046271928586580306
1500m,1500m_key_lap,lap13_position_gain_from_previous,0.028019657330193848,0.006276018755275721
1500m,1500m_key_lap,lap6_position_gain_from_previous,0.027792049269147717,0.0018594547563766924
1500m,1500m_key_lap,lap3_position_gain_from_previous,0.02394813277901106,0.003614479983269169
1500m,1500m_key_lap,lap9_position_gain_from_previous,0.023291875761729114,0.002638636584587695
1500m,1500m_key_lap,start_ratio_to_mean,0.02265207313905926,0.008634955650661377
1500m,1500m_key_lap,lap11_position_gain_from_previous,0.02055741059282945,0.005691012281814307
1500m,1500m_key_lap,lap6_time,0.013955111203128201,0.0038927901169695895
1500m,1500m_key_lap,lap1_time,0.01371125420932029,0.003883062404066058
1500m,1500m_key_lap,lap2_position_gain_from_previous,0.013045961513129867,0.0028267440432551095
1500m,1500m_key_lap,lap7_time,0.008465954770882106,0.0020382238987499803
1500m,1500m_key_lap,finish_vs_previous_delta,0.0074064279620044415,0.001807643176837536
1500m,1500m_key_lap,lap14_time_delta_from_previous,0.0060400268453869865,0.0019768469054857627
1500m,1500m_key_lap,lap13_time_delta_from_previous,0.005780233580355815,0.001451826307913457
1500m,1500m_key_lap,lap9_time_delta_from_previous,0.0052618057521453265,0.0014655442796962916
1500m,1500m_key_lap,finish_ratio_to_mean,0.005004218365892404,0.0005070406345342152
1500m,1500m_key_lap,lap4_time,0.004923584331633202,0.0011389992596161048
1500m,1500m_key_lap,lap_time_delta_std,0.0045549926127395335,0.0004854519967367759
1500m,1500m_key_lap,lap7_time_delta_from_previous,0.004082244277990477,0.0008526146481556062
1500m,1500m_key_lap,lap5_time_delta_from_previous,0.003590015241069111,0.001189838372427623
1500m,1500m_key_lap,position_stability_score,0.003525176358900012,0.0011580149416815229
1500m,1500m_key_lap,lap5_time,0.0032249216914261025,0.0004018628957677393
1500m,1500m_key_lap,lap2_time_delta_from_previous,0.002854857430461488,0.0018814633634011719
1500m,1500m_key_lap,mid_energy_saving_delta,0.002557672479403056,0.001209319823908479
1500m,1500m_key_lap,lap10_position,0.002380487714211371,0.0009033895856672623
1500m,1500m_key_lap,lap_time_std,0.002380487714211371,0.0009033895856672623
1500m,1500m_key_lap,lap12_position_gain_from_previous,0.002368478849941763,0.002286969478260421
1500m,1500m_key_lap,lap6_time_delta_from_previous,0.0019776987806693624,0.0007158250936786226
1500m,1500m_key_lap,final_position,0.00193626630980262,0.0004418496958083924
1500m,1500m_key_lap,median_lap_time,0.00193626630980262,0.000783920291570059
1500m,1500m_key_lap,negative_position_loss_sum,0.0019290729112157734,0.00115409137186169
1500m,1500m_key_lap,lap11_time,0.001802093788335013,0.001628434795913178
1500m,1500m_key_lap,lap2_time,0.0017547283509320166,0.0004503197875531883
1500m,1500m_key_lap,lap_time_cv,0.0017312053026338758,0.0008069421191111538
1500m,1500m_key_lap,lap12_time,0.0016859628466771304,0.0008165705834351005
1500m,1500m_key_lap,mid_lap_mean_time,0.0016626044070423562,0.0009604105405100461
1500m,1500m_key_lap,lap6_position,0.0016484320714414413,0.0008259746588090406
1500m,1500m_key_lap,position_range,0.0016369583772979646,0.001151968786336821
1500m,1500m_key_lap,long_pace_mid_mean_lap6_10,0.001605888256942134,0.0011394036781929415
1500m,1500m_key_lap,worst_position,0.0015093537414966052,0.0005032177091151098
1500m,1500m_key_lap,lap14_position,0.0014783908519271638,0.000799056328488867
1500m,1500m_key_lap,long_pace_early_mean_lap2_5,0.0014780083511912456,0.0005339780048430547
1500m,1500m_key_lap,position_std,0.0014456586543823147,0.0010721637021647368
1500m,1500m_key_lap,positive_position_gain_sum,0.0014407528459050856,0.0015039903736534124
1500m,1500m_key_lap,lap3_time_delta_from_previous,0.0014379469736612582,0.0008609748662442055
1500m,1500m_key_lap,lap8_time_delta_from_previous,0.0013551737424688237,0.0014251165007289404
1500m,1500m_key_lap,lap5_position,0.0012963346109223506,0.0005162557245771189
1500m,1500m_key_lap,reconstructed_total_time,0.0012733298447584196,0.0008069421191111539
1500m,1500m_key_lap,mean_lap_time,0.0012733298447584196,0.0008069421191111539
1500m,1500m_key_lap,lap12_position,0.001261337868480733,0.0008332803059007456
1500m,1500m_key_lap,lap_time_range,0.0012511362258228187,0.000872447033354766
1500m,1500m_key_lap,lap9_position,0.0011970172684458436,0.0008069421191111539
1500m,1500m_key_lap,position_gain_total,0.001133322181331553,6.519093872582287e-05
1500m,1500m_key_lap,lap13_time,0.0010580461692873966,0.0007756793960839232
1500m,1500m_key_lap,lap8_time,0.0010580461692873966,0.0005954961388437026
1500m,1500m_key_lap,official_total_time_filled,0.0010107248027416416,0.0006854451658820807
1500m,1500m_key_lap,lap3_time,0.0010106233540074228,0.0006215632342189446
1500m,1500m_key_lap,lap11_position,0.0010062358276644034,0.0007115867466345379
1500m,1500m_key_lap,lap1_position,0.0009680795395081154,0.0006855349297003647
1500m,1500m_key_lap,lap10_time_delta_from_previous,0.0008903351168125795,0.0007906347675817907
1500m,1500m_key_lap,lap2_position,0.0008782201405152235,0.00042459150707585276
1500m,1500m_key_lap,lap13_position,0.0007653061224489888,0.0004418496958083924
1500m,1500m_key_lap,lap9_time,0.0007583271854349205,0.0005032177091151098
1500m,1500m_key_lap,position_loss_events_count,0.0007582199546485313,0.0008354168098397777
1500m,1500m_key_lap,lap12_time_delta_from_previous,0.0007511337868480739,0.0008332803059007456
1500m,1500m_key_lap,late_position_gain_lap10_14,0.0007440476190476164,0.00042957609314704144
1500m,1500m_key_lap,lap8_position,0.0007391418105703873,0.0008103284231249977
1500m,1500m_key_lap,start_position,0.0007320556427699298,0.0008284051011967699
1500m,1500m_key_lap,pace_layering_range,0.0005718260402101105,0.0004983641559124905
1500m,1500m_key_lap,attack_gain_lap10_12,0.0005492155878745464,0.0009088016322557166
1500m,1500m_key_lap,lap4_time_delta_from_previous,0.0005478420876547374,0.0005504218309628871
1500m,1500m_key_lap,mean_position,0.000521779224510327,0.0010655601865936454
1500m,1500m_key_lap,lap11_time_delta_from_previous,0.0005102040816326592,0.0005102040816326592
1500m,1500m_key_lap,best_position,0.0003074306645735325,0.000799056328488867
1500m,1500m_key_lap,slowest_lap_time,0.00030525030525030417,0.0003965317782895767
1500m,1500m_key_lap,lap14_time,0.00029543868829584596,0.00041971916971916823
1500m,1500m_key_lap,early_lap_mean_time,0.0001780840541344697,0.001082063384814856
1500m,1500m_key_lap,lap14_position_gain_from_previous,0.00017602182573439595,0.0015587826929005148
1500m,1500m_key_lap,lap3_position,3.763800602207823e-05,0.00013268235920800653
1500m,1500m_key_lap,finish_vs_mid_delta,7.086167800457455e-06,0.0007115514627993042
1500m,1500m_key_lap,lap4_position,3.97069294302832e-06,0.0012745601606343612
1500m,1500m_key_lap,late_lap_mean_time,1.0581155539257647e-06,0.000675565565315011
1500m,1500m_key_lap,overtake_events_count,0.0,0.0
1500m,1500m_key_lap,lap7_position,-7.086167800457455e-06,0.00117466883832476
1500m,1500m_key_lap,long_pace_late_mean_lap11_14,-0.00047589548639964674,0.0010933980272409241
1500m,1500m_key_lap,lap10_time,-0.0005025780804124302,0.0005504218309629423
1500m,1500m_key_lap,back_end_capacity_lap11_14_vs_mid,-0.0006868131868131844,0.0003965317782895767
1500m,1500m_key_lap,fastest_lap_time,-0.0014027456461667143,0.00047771611819102266
1500m,1500m_style_cluster,finish_vs_mid_delta,10.781963047556069,0.0
1500m,1500m_style_cluster,finish_vs_previous_delta,10.298208911663306,0.0
1500m,1500m_style_cluster,lap_time_delta_std,2.4261381020736636,0.0
1500m,1500m_style_cluster,position_gain_total,2.2597179408805204,0.0
1500m,1500m_style_cluster,lap_time_std,2.2043067277790707,0.0
1500m,1500m_style_cluster,negative_position_loss_sum,1.958848842623009,0.0
1500m,1500m_style_cluster,final_position,1.6372084306675287,0.0
1500m,1500m_style_cluster,positive_position_gain_sum,1.469212829521928,0.0
1500m,1500m_style_cluster,position_range,1.2090675247709097,0.0
1500m,1500m_style_cluster,start_position,0.9342257604349579,0.0
1500m,1500m_style_cluster,position_loss_events_count,0.8844383198438736,0.0
1500m,1500m_style_cluster,finish_ratio_to_mean,0.808916263828027,0.0
1500m,1500m_style_cluster,overtake_events_count,0.6368754699693125,0.0
1500m,1500m_style_cluster,position_std,0.4105195610354361,0.0
1500m,1500m_style_cluster,lap_time_cv,0.16999173829151681,0.0
1500m,1500m_style_cluster,mean_position,0.14415985966551206,0.0
1500m,1500m_style_cluster,position_stability_score,0.09011878761128247,0.0
1500m,1500m_style_cluster,start_ratio_to_mean,0.06500507348618058,0.0
1500m,1500m_risk_detection,reconstructed_total_time,0.23870636589604147,0.0
1500m,1500m_risk_detection,mean_lap_time,0.23870636589604147,0.0
1500m,1500m_risk_detection,official_total_time_filled,0.2387033727608026,0.0
1500m,1500m_risk_detection,final_position,0.22515864673977187,0.0
1500m,1500m_risk_detection,lap_time_range,0.19927140620161957,0.0
1500m,1500m_risk_detection,lap_time_delta_std,0.1990862863651812,0.0
1500m,1500m_risk_detection,lap_time_std,0.18371064161270168,0.0
1500m,1500m_risk_detection,lap_time_cv,0.1786527581265297,0.0
1500m,1500m_risk_detection,position_std,0.1555774713903637,0.0
1500m,1500m_risk_detection,finish_vs_mid_delta,0.13540894637092557,0.0
1500m,1500m_risk_detection,position_range,0.1340691141680944,0.0
1500m,1500m_risk_detection,position_gain_total,0.08753919711131755,0.0
1500m,1500m_risk_detection,position_loss_events_count,0.08227629472652108,0.0
1500m,1500m_risk_detection,negative_position_loss_sum,0.0208230484253673,0.0
1500m,1500m_risk_detection,finish_vs_previous_delta,0.002402330585641542,0.0
